"id_day","x","y","id_month","datetime","behavior","species","id","group","id_day_all","POSIXct","sp"
"aug001",781724.299442157,7407588.55161796,"Aug",2019-08-11 07:25:00,"Sleeping site",NA,"DG22","Guareí",NA,NA,NA
"aug001",781822.229567396,7407655.17266872,"Aug",2019-08-11 07:45:00,"Frugivory","Pereskia aculeata","AG306","Guareí",NA,NA,NA
"aug001",781828.217365046,7407668.7980168,"Aug",2019-08-11 07:50:00,"Frugivory","Pereskia aculeata","AG307","Guareí",NA,NA,NA
"aug001",781821.626526603,7407693.08759371,"Aug",2019-08-11 08:10:00,"Frugivory","Pereskia aculeata","AG308","Guareí",NA,NA,NA
"aug001",781757.481382342,7407724.46156761,"Aug",2019-08-11 08:35:00,"Frugivory","Pereskia aculeata","AG309","Guareí",NA,NA,NA
"aug001",781719.080221152,7407748.58876782,"Aug",2019-08-11 08:50:00,"Frugivory","Pereskia aculeata","AG214","Guareí",NA,NA,NA
"aug001",781749.125135305,7407897.0817396,"Aug",2019-08-11 09:50:00,"Frugivory","Pereskia aculeata","AG43","Guareí",NA,NA,NA
"aug001",781843.185707768,7408017.64059812,"Aug",2019-08-11 10:40:00,"Frugivory","Pereskia aculeata","AG229","Guareí",NA,NA,NA
"aug001",781768.283530352,7408048.33778939,"Aug",2019-08-11 11:35:00,"Frugivory","Pereskia aculeata","AG228","Guareí",NA,NA,NA
"aug001",781702.413157045,7408176.9459027,"Aug",2019-08-11 13:35:00,"Frugivory","Pereskia aculeata","AG311","Guareí",NA,NA,NA
"aug001",781697,7408200,"Aug",2019-08-11 14:10:00,"Frugivory","Pereskia aculeata","AG225","Guareí",NA,NA,NA
"aug001",781685.996797619,7408217.99983173,"Aug",2019-08-11 15:05:00,"Frugivory",NA,NA,"Guareí",NA,NA,NA
"aug001",781730.138268437,7408198.35852011,"Aug",2019-08-11 16:05:00,"Frugivory","Syagrus romanzoffiana","AG129","Guareí",NA,NA,NA
"aug001",781876.599319104,7408149.44911096,"Aug",2019-08-11 16:50:00,"Frugivory","Pereskia aculeata","AG312","Guareí",NA,NA,NA
"aug001",781879.217717995,7408115.59251964,"Aug",2019-08-11 16:55:00,"Sleeping site",NA,"DG23","Guareí",NA,NA,NA
"aug002",782052.157422178,7407809.59214354,"Aug",2019-08-12 08:45:00,"Frugivory","Pereskia aculeata","AG314","Guareí",NA,NA,NA
"aug002",781978.246795492,7407699.50867793,"Aug",2019-08-12 09:20:00,"Frugivory","Pereskia aculeata","AG315","Guareí",NA,NA,NA
"aug002",781969.105065766,7407697.58422036,"Aug",2019-08-12 09:25:00,"Frugivory","Pereskia aculeata","AG316","Guareí",NA,NA,NA
"aug002",781956.329991807,7407692.61717627,"Aug",2019-08-12 09:35:00,"Frugivory","Pereskia aculeata","AG317","Guareí",NA,NA,NA
"aug002",781842.688750496,7407553.69599616,"Aug",2019-08-12 13:15:00,"Frugivory","Pereskia aculeata","AG318","Guareí",NA,NA,NA
"aug002",781857.755779924,7407549.8680113,"Aug",2019-08-12 13:25:00,"Frugivory","Syagrus romanzoffiana","AG79","Guareí",NA,NA,NA
"aug002",781965.50246167,7407493.38346377,"Aug",2019-08-12 14:30:00,"Frugivory","Pereskia aculeata","AG289","Guareí",NA,NA,NA
"aug002",781976.996792549,7407489.99983214,"Aug",2019-08-12 14:50:00,"Frugivory",NA,NA,"Guareí",NA,NA,NA
"aug002",782027.742789343,7407442.75872552,"Aug",2019-08-12 15:15:00,"Frugivory","Pereskia aculeata","AG171","Guareí",NA,NA,NA
"aug002",782010.125119894,7407436.22284376,"Aug",2019-08-12 15:30:00,"Frugivory","Pereskia aculeata","AG290","Guareí",NA,NA,NA
"aug002",782143.875563597,7407551.92121349,"Aug",2019-08-12 16:45:00,"Frugivory","Pereskia aculeata","AG319","Guareí",NA,NA,NA
"aug002",782134.666461775,7407605.07897942,"Aug",2019-08-12 16:55:00,"Sleeping site",NA,"DG18","Guareí",NA,NA,NA
"aug003",782083.510005307,7407540.22061286,"Aug",2019-08-13 07:35:00,"Frugivory","Pereskia aculeata","AG320","Guareí",NA,NA,NA
"aug003",782088.120027022,7407556.65001202,"Aug",2019-08-13 07:40:00,"Frugivory","Syagrus romanzoffiana","AG321","Guareí",NA,NA,NA
"aug003",781998.929437006,7407577.97015452,"Aug",2019-08-13 08:25:00,"Frugivory","Pereskia aculeata","AG323","Guareí",NA,NA,NA
"aug003",782088.683237315,7407447.35087336,"Aug",2019-08-13 11:10:00,"Frugivory","Pereskia aculeata","AG291","Guareí",NA,NA,NA
"aug003",782093.326751834,7407369.34608467,"Aug",2019-08-13 12:05:00,"Frugivory","Pereskia aculeata","AG325","Guareí",NA,NA,NA
"aug003",782139.047869292,7407417.23339226,"Aug",2019-08-13 12:30:00,"Frugivory","Syagrus romanzoffiana","AG326","Guareí",NA,NA,NA
"aug003",782206.418164373,7407447.76046946,"Aug",2019-08-13 13:05:00,"Frugivory","Pereskia aculeata","AG292","Guareí",NA,NA,NA
"aug003",782238.607352973,7407627.3522585,"Aug",2019-08-13 15:45:00,"Frugivory","Pereskia aculeata","AG327","Guareí",NA,NA,NA
"aug003",782024.121889445,7407526.28072634,"Aug",2019-08-13 16:50:00,"Sleeping site",NA,"DG24","Guareí",NA,NA,NA
"aug004",781989.33879559,7407547.2365559,"Aug",2019-08-14 07:50:00,"Frugivory","Pereskia aculeata","AG263","Guareí",NA,NA,NA
"aug004",781843.688057078,7407638.13268038,"Aug",2019-08-14 08:35:00,"Frugivory","Pereskia aculeata","AG249","Guareí",NA,NA,NA
"aug004",781739.572187918,7407745.09375317,"Aug",2019-08-14 09:25:00,"Frugivory","Pereskia aculeata","AG328","Guareí",NA,NA,NA
"aug004",781736.085149301,7407771.6463793,"Aug",2019-08-14 10:00:00,"Frugivory","Pereskia aculeata","AG329","Guareí",NA,NA,NA
"aug004",781773.299167924,7407770.59973894,"Aug",2019-08-14 10:20:00,"Frugivory","Syagrus romanzoffiana","AG330","Guareí",NA,NA,NA
"aug004",781984.288472817,7407748.16575107,"Aug",2019-08-14 11:35:00,"Frugivory","Pereskia aculeata","AG333","Guareí",NA,NA,NA
"aug004",782029.406853284,7407791.41069885,"Aug",2019-08-14 12:05:00,"Frugivory","Pereskia aculeata","AG334","Guareí",NA,NA,NA
"aug004",781988.923642377,7407893.9308381,"Aug",2019-08-14 13:55:00,"Frugivory","Celtis iguanaea","AG336","Guareí",NA,NA,NA
"aug004",781970.579031846,7407892.28485961,"Aug",2019-08-14 14:10:00,"Frugivory","Celtis iguanaea","AG152","Guareí",NA,NA,NA
"aug004",781921.124777886,7407846.91167217,"Aug",2019-08-14 14:50:00,"Frugivory","Pereskia aculeata","AG337","Guareí",NA,NA,NA
"aug005",781736.117008285,7407666.24100749,"Aug",2019-08-15 08:10:00,"Frugivory","Pereskia aculeata","AG338","Guareí",NA,NA,NA
"aug005",781729.353853408,7407681.6666631,"Aug",2019-08-15 08:40:00,"Frugivory","Syagrus romanzoffiana","AG339","Guareí",NA,NA,NA
"aug005",781703.058853059,7407777.37858373,"Aug",2019-08-15 09:40:00,"Frugivory","Pereskia aculeata","AG215","Guareí",NA,NA,NA
"aug005",781666.778461063,7407821.84736701,"Aug",2019-08-15 10:05:00,"Frugivory","Pereskia aculeata","AG90","Guareí",NA,NA,NA
"aug005",781640.797144416,7407928.75238745,"Aug",2019-08-15 10:55:00,"Frugivory","Pereskia aculeata","AG340","Guareí",NA,NA,NA
"aug005",781648.578475705,7407939.79379625,"Aug",2019-08-15 11:30:00,"Frugivory","Pereskia aculeata","AG182","Guareí",NA,NA,NA
"aug005",781650.729468714,7408105.56527497,"Aug",2019-08-15 13:35:00,"Frugivory","Pereskia aculeata","AG341","Guareí",NA,NA,NA
"aug005",781686.457991498,7408069.84911347,"Aug",2019-08-15 14:15:00,"Frugivory","Pereskia aculeata","AG342","Guareí",NA,NA,NA
"aug005",781785.194547387,7408071.39718372,"Aug",2019-08-15 16:00:00,"Frugivory","Pereskia aculeata","AG343","Guareí",NA,NA,NA
"aug005",781766.1344907,7408080.29947572,"Aug",2019-08-15 16:20:00,"Sleeping site",NA,"DG25","Guareí",NA,NA,NA
"aug006",781770.366318986,7407617.37358284,"Aug",2019-08-19 07:40:00,"Frugivory","Pereskia aculeata","AG344","Guareí",NA,NA,NA
"aug006",781891.044353412,7407798.16204554,"Aug",2019-08-19 08:45:00,"Frugivory","Eugenia sp.","AG345","Guareí",NA,NA,NA
"aug006",781812.982612944,7407839.88709344,"Aug",2019-08-19 10:20:00,"Frugivory","Pereskia aculeata","AG346","Guareí",NA,NA,NA
"aug006",781797.247529947,7407862.13135021,"Aug",2019-08-19 10:40:00,"Frugivory","Pereskia aculeata","AG235","Guareí",NA,NA,NA
"aug006",781790.255801985,7407886.9859656,"Aug",2019-08-19 11:15:00,"Frugivory","Pereskia aculeata","AG347","Guareí",NA,NA,NA
"aug006",781772.339876575,7408003.59367011,"Aug",2019-08-19 12:10:00,"Frugivory","Pereskia aculeata","AG349","Guareí",NA,NA,NA
"aug006",781827.741949351,7408007.18763569,"Aug",2019-08-19 12:45:00,"Frugivory","Pereskia aculeata","AG350","Guareí",NA,NA,NA
"aug006",781885.327058461,7408012.40252124,"Aug",2019-08-19 14:10:00,"Sleeping site",NA,"DG26","Guareí",NA,NA,NA
"aug007",781867.167573686,7407897.26562816,"Aug",2019-08-20 07:55:00,"Frugivory","Celtis iguanaea","AG125","Guareí",NA,NA,NA
"aug007",781890.15,7407838.31,"Aug",2019-08-20 08:10:00,"Frugivory",NA,NA,"Guareí",NA,NA,NA
"aug007",781788.826449916,7407790.80567051,"Aug",2019-08-20 09:10:00,"Frugivory","Pereskia aculeata","AG351","Guareí",NA,NA,NA
"aug007",781696.761664022,7407715.76680013,"Aug",2019-08-20 11:00:00,"Frugivory","Pereskia aculeata","AG353","Guareí",NA,NA,NA
"aug007",781697.615186766,7407701.23014468,"Aug",2019-08-20 11:20:00,"Frugivory","Pereskia aculeata","AG354","Guareí",NA,NA,NA
"aug007",781918.790366435,7407591.14552333,"Aug",2019-08-20 14:55:00,"Frugivory","Pereskia aculeata","AG355","Guareí",NA,NA,NA
"aug007",781942.271961791,7407604.99321313,"Aug",2019-08-20 15:10:00,"Frugivory","Pereskia aculeata","AG356","Guareí",NA,NA,NA
"aug007",781991.258625227,7407593.75226345,"Aug",2019-08-20 15:30:00,"Frugivory","Pereskia aculeata","AG287","Guareí",NA,NA,NA
"aug008",782033.658507548,7407596.70248901,"Aug",2019-08-21 07:20:00,"Frugivory","Pereskia aculeata","AG357","Guareí",NA,NA,NA
"aug008",782012.697845713,7407634.79381638,"Aug",2019-08-21 07:25:00,"Frugivory","Syagrus romanzoffiana","AG358","Guareí",NA,NA,NA
"aug008",781946.988716423,7407680.2730873,"Aug",2019-08-21 08:00:00,"Frugivory","Pereskia aculeata","AG302","Guareí",NA,NA,NA
"aug008",781809.598943582,7407657.74625809,"Aug",2019-08-21 09:05:00,"Frugivory","Pereskia aculeata","AG361","Guareí",NA,NA,NA
"aug008",781804.507036714,7407674.79805808,"Aug",2019-08-21 09:15:00,"Frugivory","Pereskia aculeata","AG362","Guareí",NA,NA,NA
"aug008",781746.103776557,7407728.45106886,"Aug",2019-08-21 09:55:00,"Frugivory","Pereskia aculeata","AG363","Guareí",NA,NA,NA
"aug008",781748.139377112,7407738.50109323,"Aug",2019-08-21 10:05:00,"Frugivory","Syagrus romanzoffiana","AG364","Guareí",NA,NA,NA
"aug008",781608.31201018,7408027.34635225,"Aug",2019-08-21 12:00:00,"Frugivory","Pereskia aculeata","AG365","Guareí",NA,NA,NA
"aug008",781638.102027953,7408039.29951675,"Aug",2019-08-21 12:40:00,"Frugivory","Pereskia aculeata","AG366","Guareí",NA,NA,NA
"aug008",781716.437333444,7408204.1667978,"Aug",2019-08-21 14:20:00,"Frugivory","Pereskia aculeata","AG367","Guareí",NA,NA,NA
"aug008",781898.750145313,7408157.78557139,"Aug",2019-08-21 15:30:00,"Frugivory","Pereskia aculeata","AG368","Guareí",NA,NA,NA
"aug008",781965.806065195,7408107.29227303,"Aug",2019-08-21 15:55:00,"Frugivory","Pereskia aculeata","AG369","Guareí",NA,NA,NA
"aug008",782034.036694192,7408027.73539504,"Aug",2019-08-21 16:30:00,"Frugivory","Pereskia aculeata","AG232","Guareí",NA,NA,NA
"aug008",782073.852350953,7407932.87366572,"Aug",2019-08-21 16:50:00,"Sleeping site",NA,"DG20","Guareí",NA,NA,NA
"jul001",782228.274484806,7407430.04331466,"Jul",2019-07-11 08:30:00,"Sleeping site",NA,"DG05","Guareí",NA,NA,NA
"jul001",782039.352021709,7407616.43698189,"Jul",2019-07-11 09:20:00,"Frugivory","Rhipsalis cereuscula","AG34","Guareí",NA,NA,NA
"jul001",781932.825673808,7407581.79106021,"Jul",2019-07-11 09:45:00,"Frugivory","Syagrus romanzoffiana","AG209","Guareí",NA,NA,NA
"jul001",781929.888469016,7407615.09641348,"Jul",2019-07-11 10:05:00,"Frugivory","Syagrus romanzoffiana","AG210","Guareí",NA,NA,NA
"jul001",781929.966492454,7407667.51868824,"Jul",2019-07-11 10:25:00,"Frugivory","Pereskia aculeata","AG128","Guareí",NA,NA,NA
"jul001",781912.687860894,7407662.41489537,"Jul",2019-07-11 10:40:00,"Frugivory","Pereskia aculeata","AG211","Guareí",NA,NA,NA
"jul001",781876.803981043,7407700.68025718,"Jul",2019-07-11 11:00:00,"Frugivory","Pereskia aculeata","AG212","Guareí",NA,NA,NA
"jul001",781756.826313473,7407765.04370265,"Jul",2019-07-11 11:50:00,"Frugivory","Pereskia aculeata","AG213","Guareí",NA,NA,NA
"jul001",781719.080221152,7407748.58876782,"Jul",2019-07-11 12:25:00,"Frugivory","Pereskia aculeata","AG214","Guareí",NA,NA,NA
"jul001",781703.058853059,7407777.37858373,"Jul",2019-07-11 12:50:00,"Frugivory","Pereskia aculeata","AG215","Guareí",NA,NA,NA
"jul001",781688.747393308,7407815.33278988,"Jul",2019-07-11 13:15:00,"Frugivory","Pereskia aculeata","AG216","Guareí",NA,NA,NA
"jul001",781648.578475705,7407939.79379625,"Jul",2019-07-11 14:05:00,"Frugivory","Pereskia aculeata","AG182","Guareí",NA,NA,NA
"jul001",781648.741711125,7407959.07170565,"Jul",2019-07-11 14:35:00,"Frugivory","Pereskia aculeata","AG217","Guareí",NA,NA,NA
"jul001",781740.575662959,7407984.80392251,"Jul",2019-07-11 15:35:00,"Frugivory","Pereskia aculeata","AG218","Guareí",NA,NA,NA
"jul001",781730.307948736,7407966.60612709,"Jul",2019-07-11 15:50:00,"Frugivory","Pereskia aculeata","AG219","Guareí",NA,NA,NA
"jul001",781742.728,7407958.388,"Jul",2019-07-11 16:10:00,"Sleeping site",NA,"DG13","Guareí",NA,NA,NA
"jul002",781710.299731171,7408033.04108994,"Jul",2019-07-12 07:50:50,"Frugivory","Pereskia aculeata","AG220","Guareí",NA,NA,NA
"jul002",781705.955885698,7408089.2081145,"Jul",2019-07-12 08:30:50,"Frugivory","Pereskia aculeata","AG221","Guareí",NA,NA,NA
"jul002",781697.295873598,7408160.42393924,"Jul",2019-07-12 09:30:50,"Frugivory","Pereskia aculeata","AG223","Guareí",NA,NA,NA
"jul002",781683.679411451,7408192.15904052,"Jul",2019-07-12 10:00:50,"Frugivory","Pereskia aculeata","AG224","Guareí",NA,NA,NA
"jul002",781699.397827926,7408200.83251227,"Jul",2019-07-12 10:20:50,"Frugivory","Pereskia aculeata","AG225","Guareí",NA,NA,NA
"jul002",781771.482043037,7408060.46510753,"Jul",2019-07-12 12:20:50,"Frugivory","Pereskia aculeata","AG226","Guareí",NA,NA,NA
"jul002",781776.554129083,7408058.04553478,"Jul",2019-07-12 12:30:50,"Frugivory","Pereskia aculeata","AG227","Guareí",NA,NA,NA
"jul002",781851.846511119,7408048.17840103,"Jul",2019-07-12 15:35:50,"Frugivory","Pereskia aculeata","AG230","Guareí",NA,NA,NA
"jul002",781895.171511968,7408045.64892207,"Jul",2019-07-12 15:50:50,"Frugivory","Pereskia aculeata","AG231","Guareí",NA,NA,NA
"jul002",782034.036694192,7408027.73539504,"Jul",2019-07-12 16:25:50,"Frugivory","Pereskia aculeata","AG232","Guareí",NA,NA,NA
"jul002",781924.090884898,7407921.66764434,"Jul",2019-07-12 17:30:50,"Sleeping site",NA,"DG16","Guareí",NA,NA,NA
"jul003",781775.477770366,7407729.44032578,"Jul",2019-07-13 08:45:00,"Frugivory","Syagrus romanzoffiana","AG233","Guareí",NA,NA,NA
"jul003",781760.937547952,7407733.92700138,"Jul",2019-07-13 09:00:00,"Frugivory","Pereskia aculeata","AG234","Guareí",NA,NA,NA
"jul003",781797.247529947,7407862.13135021,"Jul",2019-07-13 10:00:00,"Frugivory","Pereskia aculeata","AG235","Guareí",NA,NA,NA
"jul003",781823.16162745,7407906.74777331,"Jul",2019-07-13 11:15:00,"Frugivory","Pereskia aculeata","AG237","Guareí",NA,NA,NA
"jul003",781831.914571963,7407904.48067713,"Jul",2019-07-13 11:35:00,"Frugivory","Pereskia aculeata","AG238","Guareí",NA,NA,NA
"jul003",781863.53556654,7407921.16412519,"Jul",2019-07-13 12:10:00,"Frugivory","Celtis iguanaea","AG77","Guareí",NA,NA,NA
"jul003",781867.59861166,7407946.57507716,"Jul",2019-07-13 12:40:00,"Frugivory","Celtis iguanaea","AG106","Guareí",NA,NA,NA
"jul003",781870.960161915,7407951.16818202,"Jul",2019-07-13 13:05:00,"Frugivory","Celtis iguanaea","AG179","Guareí",NA,NA,NA
"jul003",781859.44712688,7408055.13049891,"Jul",2019-07-13 14:20:00,"Frugivory","Pereskia aculeata","AG239","Guareí",NA,NA,NA
"jul003",781939.957132859,7408087.60925886,"Jul",2019-07-13 15:30:00,"Frugivory","Pereskia aculeata","AG242","Guareí",NA,NA,NA
"jul003",781956.506891225,7408097.15838945,"Jul",2019-07-13 15:50:00,"Frugivory","Pereskia aculeata","AG243","Guareí",NA,NA,NA
"jul003",781947.783712867,7408100.9857055,"Jul",2019-07-13 16:00:00,"Frugivory","Pereskia aculeata","AG244","Guareí",NA,NA,NA
"jul003",781868.172636334,7408083.22377762,"Jul",2019-07-13 16:25:00,"Sleeping site",NA,"DG17","Guareí",NA,NA,NA
"jul004",782134.666461775,7407605.07897942,"Jul",2019-07-16 08:05:00,"Sleeping site",NA,"DG18","Guareí",NA,NA,NA
"jul004",782041.747543625,7407698.51522936,"Jul",2019-07-16 09:00:00,"Frugivory","Pereskia aculeata","AG259","Guareí",NA,NA,NA
"jul004",781974.043476072,7407640.30004891,"Jul",2019-07-16 10:25:00,"Frugivory","Syagrus romanzoffiana","AG261","Guareí",NA,NA,NA
"jul004",781973.870430704,7407625.89448585,"Jul",2019-07-16 10:35:00,"Frugivory","Syagrus romanzoffiana","AG262","Guareí",NA,NA,NA
"jul004",781989.33879559,7407547.2365559,"Jul",2019-07-16 11:20:00,"Frugivory","Pereskia aculeata","AG263","Guareí",NA,NA,NA
"jul004",782001.233455688,7407538.02521299,"Jul",2019-07-16 11:25:00,"Frugivory","Pereskia aculeata","AG264","Guareí",NA,NA,NA
"jul004",782027.742789343,7407442.75872552,"Jul",2019-07-16 11:45:00,"Frugivory","Pereskia aculeata","AG171","Guareí",NA,NA,NA
"jul004",782055.5602832,7407410.86247925,"Jul",2019-07-16 12:40:00,"Frugivory","Pereskia aculeata","AG265","Guareí",NA,NA,NA
"jul004",782172.243582808,7407431.1174811,"Jul",2019-07-16 13:25:00,"Frugivory","Syagrus romanzoffiana","AG174","Guareí",NA,NA,NA
"jul004",781987.279444372,7407573.1023663,"Jul",2019-07-16 17:05:00,"Sleeping site",NA,"DG19","Guareí",NA,NA,NA
"jul005",781954.60417913,7407629.36637722,"Jul",2019-07-17 08:15:00,"Frugivory","Syagrus romanzoffiana","AG269","Guareí",NA,NA,NA
"jul005",781728,7407762,"Jul",2019-07-17 09:20:00,"Frugivory",NA,NA,"Guareí",NA,NA,NA
"jul005",781671.257785479,7407826.09082439,"Jul",2019-07-17 09:35:00,"Frugivory","Pereskia aculeata","AG270","Guareí",NA,NA,NA
"jul005",781613.370203109,7408120.57718503,"Jul",2019-07-17 11:20:00,"Frugivory","Pereskia aculeata","AG271","Guareí",NA,NA,NA
"jul005",781622.914083629,7408116.6229013,"Jul",2019-07-17 11:30:00,"Frugivory","Syagrus romanzoffiana","AG272","Guareí",NA,NA,NA
"jul005",781639.745164702,7408162.40737087,"Jul",2019-07-17 12:35:00,"Frugivory","Pereskia aculeata","AG273","Guareí",NA,NA,NA
"jul005",781724.877590492,7408211.98545458,"Jul",2019-07-17 13:25:00,"Frugivory","Pereskia aculeata","AG274","Guareí",NA,NA,NA
"jul005",781881.668302705,7408195.23559569,"Jul",2019-07-17 14:15:00,"Frugivory","Pereskia aculeata","AG276","Guareí",NA,NA,NA
"jul005",782069.517982655,7407968.42615263,"Jul",2019-07-17 16:05:00,"Frugivory","Pereskia aculeata","AG277","Guareí",NA,NA,NA
"jul005",782073.852350953,7407932.87366572,"Jul",2019-07-17 16:15:00,"Sleeping site",NA,"DG20","Guareí",NA,NA,NA
"jul006",781969.507727549,7407985.85616046,"Jul",2019-07-18 09:25:00,"Frugivory","Celtis iguanaea","AG278","Guareí",NA,NA,NA
"jul006",781976.594190619,7407992.37212535,"Jul",2019-07-18 09:40:00,"Frugivory","Celtis iguanaea","AG279","Guareí",NA,NA,NA
"jul006",781976.399125975,7407998.35742026,"Jul",2019-07-18 09:45:00,"Frugivory","Celtis iguanaea","AG280","Guareí",NA,NA,NA
"jul006",781980.199949681,7408004.7145806,"Jul",2019-07-18 10:05:00,"Frugivory","Celtis iguanaea","AG281","Guareí",NA,NA,NA
"jul006",781959.094794993,7407997.25008331,"Jul",2019-07-18 10:20:00,"Frugivory","Celtis iguanaea","AG107","Guareí",NA,NA,NA
"jul006",781937.266108212,7407963.19271132,"Jul",2019-07-18 11:00:00,"Frugivory","Celtis iguanaea","AG167","Guareí",NA,NA,NA
"jul006",781914.046815306,7407931.28007542,"Jul",2019-07-18 11:20:00,"Frugivory","Celtis iguanaea","AG282","Guareí",NA,NA,NA
"jul006",781867.255689029,7407917.99003149,"Jul",2019-07-18 11:50:00,"Frugivory","Celtis iguanaea","AG75","Guareí",NA,NA,NA
"jul006",781873.477782042,7407906.23048545,"Jul",2019-07-18 12:45:00,"Frugivory","Celtis iguanaea","AG283","Guareí",NA,NA,NA
"jul006",781882.970580149,7407900.06595431,"Jul",2019-07-18 12:55:00,"Frugivory","Celtis iguanaea","AG156","Guareí",NA,NA,NA
"jul006",781846.685887508,7407890.56013249,"Jul",2019-07-18 14:30:00,"Frugivory","Pereskia aculeata","AG284","Guareí",NA,NA,NA
"jul006",781867.167573686,7407897.26562816,"Jul",2019-07-18 14:45:00,"Frugivory","Celtis iguanaea","AG125","Guareí",NA,NA,NA
"jul006",781931.754948092,7407830.30188603,"Jul",2019-07-18 15:25:00,"Frugivory","Pereskia aculeata","AG285","Guareí",NA,NA,NA
"jul006",782001.304748496,7407723.45341641,"Jul",2019-07-18 16:00:00,"Frugivory","Pereskia aculeata","AG286","Guareí",NA,NA,NA
"jul006",781991.258625227,7407593.75226345,"Jul",2019-07-18 16:30:00,"Frugivory","Pereskia aculeata","AG287","Guareí",NA,NA,NA
"jul007",781955.372299985,7407530.70985449,"Jul",2019-07-19 08:35:00,"Frugivory","Pereskia aculeata","AG288","Guareí",NA,NA,NA
"jul007",781965.50246167,7407493.38346377,"Jul",2019-07-19 09:00:00,"Frugivory","Pereskia aculeata","AG289","Guareí",NA,NA,NA
"jul007",781920.246383152,7407517.74542577,"Jul",2019-07-19 09:05:00,"Frugivory","Syagrus romanzoffiana","AG100","Guareí",NA,NA,NA
"jul007",782010.125119894,7407436.22284376,"Jul",2019-07-19 09:35:00,"Frugivory","Pereskia aculeata","AG290","Guareí",NA,NA,NA
"jul007",782088.683237315,7407447.35087336,"Jul",2019-07-19 10:05:00,"Frugivory","Pereskia aculeata","AG291","Guareí",NA,NA,NA
"jul007",782206.418164373,7407447.76046946,"Jul",2019-07-19 10:55:00,"Frugivory","Pereskia aculeata","AG292","Guareí",NA,NA,NA
"jul007",782275.716921186,7407476.90323089,"Jul",2019-07-19 11:55:00,"Frugivory","Pereskia aculeata","AG293","Guareí",NA,NA,NA
"jul007",782294.678703662,7407553.68445794,"Jul",2019-07-19 12:30:00,"Frugivory","Syagrus romanzoffiana","AG294","Guareí",NA,NA,NA
"jul007",782300.205974005,7407570.09623037,"Jul",2019-07-19 12:50:00,"Frugivory","Pereskia aculeata","AG295","Guareí",NA,NA,NA
"jul007",782345.471510108,7407594.16271163,"Jul",2019-07-19 14:10:00,"Frugivory","Pereskia aculeata","AG297","Guareí",NA,NA,NA
"jul007",782334.145817539,7407595.93137208,"Jul",2019-07-19 14:35:00,"Frugivory","Pereskia aculeata","AG298","Guareí",NA,NA,NA
"jul007",782278.679033014,7407588.90338723,"Jul",2019-07-19 15:15:00,"Frugivory","Pereskia aculeata","AG299","Guareí",NA,NA,NA
"jul007",782200.762318929,7407547.61643829,"Jul",2019-07-19 15:45:00,"Frugivory","Syagrus romanzoffiana","AG300","Guareí",NA,NA,NA
"jul008",781946.988716423,7407680.2730873,"Jul",2019-07-20 08:20:00,"Frugivory","Pereskia aculeata","AG302","Guareí",NA,NA,NA
"jul008",781768.894161895,7407759.48954934,"Jul",2019-07-20 09:55:00,"Frugivory","Syagrus romanzoffiana","AG303","Guareí",NA,NA,NA
"jul008",781645.470680448,7408017.99588843,"Jul",2019-07-20 13:10:00,"Frugivory","Pereskia aculeata","AG304","Guareí",NA,NA,NA
"jul008",781679.996797583,7408137.99983171,"Jul",2019-07-20 14:30:00,"Frugivory",NA,NA,"Guareí",NA,NA,NA
"jul008",781673.491213811,7408161.98483571,"Jul",2019-07-20 14:50:00,"Frugivory","Pereskia aculeata","AG305","Guareí",NA,NA,NA
"jul008",781768.28360328,7408048.33788068,"Jul",2019-07-20 16:35:00,"Frugivory",NA,"AG228","Guareí",NA,NA,NA
"jul008",781773.133855723,7408007.89834254,"Jul",2019-07-20 16:50:00,"Sleeping site",NA,"DG21","Guareí",NA,NA,NA
"jun001",781969.802383584,7407899.62025156,"Jun",2019-06-10 07:20:00,"Sleeping site",NA,"DG03","Guareí",NA,NA,NA
"jun001",781987.22891761,7407661.3217217,"Jun",2019-06-10 08:05:00,"Frugivory","Syagrus romanzoffiana","AG169","Guareí",NA,NA,NA
"jun001",782054.236941635,7407515.40106368,"Jun",2019-06-10 09:20:00,"Frugivory",NA,NA,"Guareí",NA,NA,NA
"jun001",782041.508694082,7407440.83205447,"Jun",2019-06-10 09:40:00,"Frugivory","Syagrus romanzoffiana","AG170","Guareí",NA,NA,NA
"jun001",782027.742789343,7407442.75872552,"Jun",2019-06-10 10:15:00,"Frugivory","Pereskia aculeata","AG171","Guareí",NA,NA,NA
"jun001",782008.034143128,7407417.75586531,"Jun",2019-06-10 10:55:00,"Frugivory","Syagrus romanzoffiana","AG172","Guareí",NA,NA,NA
"jun001",782002.634818577,7407370.86088333,"Jun",2019-06-10 11:15:00,"Frugivory","Syagrus romanzoffiana","AG114","Guareí",NA,NA,NA
"jun001",782120.015506155,7407395.76650634,"Jun",2019-06-10 12:05:00,"Frugivory","Syagrus romanzoffiana","AG173","Guareí",NA,NA,NA
"jun001",782172.243582808,7407431.1174811,"Jun",2019-06-10 13:00:00,"Frugivory","Syagrus romanzoffiana","AG174","Guareí",NA,NA,NA
"jun001",782049.926532364,7407452.85933004,"Jun",2019-06-10 14:20:00,"Frugivory","Syagrus romanzoffiana","AG175","Guareí",NA,NA,NA
"jun001",781978.370865523,7407572.60412628,"Jun",2019-06-10 15:00:00,"Frugivory","Syagrus romanzoffiana","AG176","Guareí",NA,NA,NA
"jun001",781924.176217005,7407616.31132455,"Jun",2019-06-10 15:15:00,"Frugivory","Syagrus romanzoffiana","AG177","Guareí",NA,NA,NA
"jun001",781970.579031846,7407892.28485961,"Jun",2019-06-10 16:00:00,"Frugivory","Celtis iguanaea","AG152","Guareí",NA,NA,NA
"jun002",781911.884942546,7407908.82097278,"Jun",2019-06-11 08:10:00,"Frugivory","Celtis iguanaea","AG23","Guareí",NA,NA,NA
"jun002",781897.188481099,7407900.23037001,"Jun",2019-06-11 08:15:00,"Frugivory","Celtis iguanaea","AG65","Guareí",NA,NA,NA
"jun002",781863.53556654,7407921.16412519,"Jun",2019-06-11 08:25:00,"Frugivory","Celtis iguanaea","AG77","Guareí",NA,NA,NA
"jun002",781849.668448401,7407955.89565202,"Jun",2019-06-11 08:50:00,"Frugivory","Celtis iguanaea","AG178","Guareí",NA,NA,NA
"jun002",781867.59861166,7407946.57507716,"Jun",2019-06-11 09:15:00,"Frugivory","Celtis iguanaea","AG106","Guareí",NA,NA,NA
"jun002",781870.960161915,7407951.16818202,"Jun",2019-06-11 09:25:00,"Frugivory","Celtis iguanaea","AG179","Guareí",NA,NA,NA
"jun002",781883.982716122,7407995.47392613,"Jun",2019-06-11 09:40:00,"Frugivory","Celtis iguanaea","AG157","Guareí",NA,NA,NA
"jun002",781844.554817197,7408137.5395317,"Jun",2019-06-11 12:15:00,"Frugivory","Cissus sulcicaulis","AG180","Guareí",NA,NA,NA
"jun002",781607.133162984,7408029.81217488,"Jun",2019-06-11 14:05:00,"Frugivory","Pereskia aculeata","AG181","Guareí",NA,NA,NA
"jun002",781654.258634024,7408124.22646095,"Jun",2019-06-11 15:35:00,"Sleeping site",NA,"DG12","Guareí",NA,NA,NA
"jun003",781648.578475705,7407939.79379625,"Jun",2019-06-12 08:40:00,"Frugivory","Pereskia aculeata","AG182","Guareí",NA,NA,NA
"jun003",781635.346600562,7407681.02656035,"Jun",2019-06-12 10:35:00,"Frugivory","Syagrus romanzoffiana","AG183","Guareí",NA,NA,NA
"jun003",781727.593200004,7407755.29120033,"Jun",2019-06-12 11:25:00,"Frugivory","Syagrus romanzoffiana","AG184","Guareí",NA,NA,NA
"jun003",781863.472843977,7407902.21363497,"Jun",2019-06-12 12:10:00,"Frugivory","Celtis iguanaea","AG186","Guareí",NA,NA,NA
"jun003",781866.889971211,7407936.05687977,"Jun",2019-06-12 12:50:00,"Frugivory","Celtis iguanaea","AG187","Guareí",NA,NA,NA
"jun003",781865.17,7407942.39,"Jun",2019-06-12 12:55:00,"Frugivory","Celtis iguanaea","AG106","Guareí",NA,NA,NA
"jun003",781806.61485064,7407940.7873388,"Jun",2019-06-12 15:20:00,"Frugivory",NA,NA,"Guareí",NA,NA,NA
"jun003",781742.728,7407958.388,"Jun",2019-06-12 16:00:00,"Sleeping site",NA,"DG13","Guareí",NA,NA,NA
"jun004",782008.809786459,7407853.4261967,"Jun",2019-06-14 07:30:00,"Frugivory",NA,"AG194","Guareí",NA,NA,NA
"jun004",782001.358089366,7407571.38342912,"Jun",2019-06-14 08:25:00,"Frugivory","Syagrus romanzoffiana","AG117","Guareí",NA,NA,NA
"jun004",781908.25461031,7407516.42301248,"Jun",2019-06-14 10:50:00,"Frugivory","Syagrus romanzoffiana","AG112","Guareí",NA,NA,NA
"jun004",781870.166921313,7407562.70147271,"Jun",2019-06-14 11:20:00,"Frugivory","Syagrus romanzoffiana","AG195","Guareí",NA,NA,NA
"jun004",781868.354640111,7407556.70693124,"Jun",2019-06-14 12:10:00,"Frugivory",NA,NA,"Guareí",NA,NA,NA
"jun004",782070.472502216,7407735.43171206,"Jun",2019-06-14 15:05:00,"Frugivory","Pereskia aculeata","AG196","Guareí",NA,NA,NA
"jun004",781986.388623409,7407884.22483359,"Jun",2019-06-14 16:15:00,"Frugivory","Celtis iguanaea","AG96","Guareí",NA,NA,NA
"jun005",781787.696290068,7407742.50980082,"Jun",2019-06-15 07:35:00,"Frugivory","Syagrus romanzoffiana","AG198","Guareí",NA,NA,NA
"jun005",781802.414165927,7407651.00915968,"Jun",2019-06-15 08:55:00,"Frugivory","Syagrus romanzoffiana","AG200","Guareí",NA,NA,NA
"jun005",782019.064342611,7407438.15919278,"Jun",2019-06-15 12:45:00,"Frugivory","Pereskia aculeata","AG201","Guareí",NA,NA,NA
"jun005",782018.584841943,7407423.87097341,"Jun",2019-06-15 13:45:00,"Frugivory","Syagrus romanzoffiana","AG202","Guareí",NA,NA,NA
"jun005",781889.691698756,7407551.24457875,"Jun",2019-06-15 16:35:00,"Sleeping site",NA,"DG14","Guareí",NA,NA,NA
"jun006",781891.273735961,7407895.80078269,"Jun",2019-06-17 07:35:00,"Frugivory","Celtis iguanaea","AG203","Guareí",NA,NA,NA
"jun006",781882.970580149,7407900.06595431,"Jun",2019-06-17 07:45:00,"Frugivory","Celtis iguanaea","AG156","Guareí",NA,NA,NA
"jun006",781867.167573686,7407897.26562816,"Jun",2019-06-17 08:10:00,"Frugivory","Celtis iguanaea","AG125","Guareí",NA,NA,NA
"jun006",781860,7407899,"Jun",2019-06-17 08:20:00,"Frugivory","Syagrus romanzoffiana","AG183","Guareí",NA,NA,NA
"jun006",781715.603470842,7407885.00513295,"Jun",2019-06-17 09:05:00,"Frugivory",NA,NA,"Guareí",NA,NA,NA
"jun006",781731.311192577,7407937.49054384,"Jun",2019-06-17 09:30:00,"Frugivory",NA,NA,"Guareí",NA,NA,NA
"jun006",781697.85437225,7408008.12179571,"Jun",2019-06-17 10:00:00,"Frugivory","Pereskia aculeata","AG205","Guareí",NA,NA,NA
"jun006",781701.995475858,7408021.12293071,"Jun",2019-06-17 10:05:00,"Frugivory","Pereskia aculeata","AG206","Guareí",NA,NA,NA
"jun006",781719.516206745,7408176.43289329,"Jun",2019-06-17 11:45:00,"Frugivory","Pereskia aculeata",NA,"Guareí",NA,NA,NA
"jun006",781649.428980394,7408017.40922017,"Jun",2019-06-17 13:45:00,"Frugivory",NA,NA,"Guareí",NA,NA,NA
"jun006",781638.455726092,7407977.56052712,"Jun",2019-06-17 14:00:00,"Frugivory","Pereskia aculeata","AG208","Guareí",NA,NA,NA
"jun006",781648.136599287,7407820.32741681,"Jun",2019-06-17 15:50:00,"Sleeping site",NA,"DG15","Guareí",NA,NA,NA
"may001",781969.802383584,7407899.62025156,"May",2019-05-16 07:25:00,"Sleeping site",NA,"DG03","Guareí",NA,NA,NA
"may001",781925.38440224,7407924.74575223,"May",2019-05-16 07:35:00,"Frugivory","Celtis iguanaea","AG153","Guareí",NA,NA,NA
"may001",781898.129081042,7407922.48989409,"May",2019-05-16 07:40:00,"Frugivory","Celtis iguanaea","AG154","Guareí",NA,NA,NA
"may001",781897.188481099,7407900.23037001,"May",2019-05-16 07:50:00,"Frugivory","Celtis iguanaea","AG65","Guareí",NA,NA,NA
"may001",781885.459009429,7407917.6415296,"May",2019-05-16 08:25:00,"Frugivory","Celtis iguanaea","AG155","Guareí",NA,NA,NA
"may001",781882.970580149,7407900.06595431,"May",2019-05-16 08:50:00,"Frugivory","Celtis iguanaea","AG156","Guareí",NA,NA,NA
"may001",781867.167573686,7407897.26562816,"May",2019-05-16 09:55:00,"Frugivory","Celtis iguanaea","AG125","Guareí",NA,NA,NA
"may001",781863.53556654,7407921.16412519,"May",2019-05-16 10:40:00,"Frugivory","Celtis iguanaea","AG77","Guareí",NA,NA,NA
"may001",781883.982716122,7407995.47392613,"May",2019-05-16 11:00:00,"Frugivory","Celtis iguanaea","AG157","Guareí",NA,NA,NA
"may001",781821.451162511,7408116.59607117,"May",2019-05-16 12:40:00,"Frugivory","Syagrus romanzoffiana","AG130","Guareí",NA,NA,NA
"may001",781737.491080898,7408128.28247878,"May",2019-05-16 13:50:00,"Frugivory","Celtis iguanaea","AG76","Guareí",NA,NA,NA
"may001",781730.138268437,7408198.35852011,"May",2019-05-16 15:05:00,"Frugivory","Syagrus romanzoffiana","AG129","Guareí",NA,NA,NA
"may002",782014.981396588,7407684.18247662,"May",2019-05-17 08:00:00,"Frugivory","Syagrus romanzoffiana","AG158","Guareí",NA,NA,NA
"may002",782315.106971979,7407557.61259293,"May",2019-05-17 10:10:00,"Frugivory","Syagrus romanzoffiana","AG159","Guareí",NA,NA,NA
"may002",781909.415526111,7407518.39814176,"May",2019-05-17 13:05:00,"Frugivory","Syagrus romanzoffiana","AG136","Guareí",NA,NA,NA
"may002",781853.772017952,7407507.48821922,"May",2019-05-17 13:45:00,"Frugivory","Syagrus romanzoffiana","AG149","Guareí",NA,NA,NA
"may002",781794.879196943,7407572.68040002,"May",2019-05-17 14:35:00,"Frugivory","Syagrus romanzoffiana","AG160","Guareí",NA,NA,NA
"may002",781850.274185854,7407816.45907759,"May",2019-05-17 15:30:00,"Frugivory","Syagrus romanzoffiana","AG161","Guareí",NA,NA,NA
"may003",781962.88771383,7407890.88067586,"May",2019-05-18 07:45:00,"Frugivory","Celtis iguanaea","AG162","Guareí",NA,NA,NA
"may003",781845.064058674,7407945.12373244,"May",2019-05-18 10:00:00,"Frugivory","Celtis iguanaea","AG118","Guareí",NA,NA,NA
"may003",781714.496593628,7407899.29580363,"May",2019-05-18 11:55:00,"Frugivory","Syagrus romanzoffiana","AG102","Guareí",NA,NA,NA
"may003",781786.588210244,7407711.49298299,"May",2019-05-18 13:55:00,"Frugivory","Syagrus romanzoffiana","AG131","Guareí",NA,NA,NA
"may003",781881.207341643,7407898.87342631,"May",2019-05-18 15:10:00,"Frugivory","Celtis iguanaea","AG163","Guareí",NA,NA,NA
"may004",781753.902144176,7407633.75709686,"May",2019-05-20 08:50:00,"Frugivory","Syagrus romanzoffiana","AG164","Guareí",NA,NA,NA
"may004",781866.17812457,7407872.45228,"May",2019-05-20 09:50:00,"Frugivory","Dyospiros inconstans","AG165","Guareí",NA,NA,NA
"may004",781867.59861166,7407946.57507716,"May",2019-05-20 11:30:00,"Frugivory","Celtis iguanaea","AG106","Guareí",NA,NA,NA
"may004",781859.258927552,7407954.38358365,"May",2019-05-20 11:45:00,"Frugivory","Celtis iguanaea","AG166","Guareí",NA,NA,NA
"may004",781937.266108212,7407963.19271132,"May",2019-05-20 13:40:00,"Frugivory","Celtis iguanaea","AG167","Guareí",NA,NA,NA
"may004",782007.150775501,7407927.05379662,"May",2019-05-20 14:55:00,"Frugivory","Syagrus romanzoffiana","AG168","Guareí",NA,NA,NA
"may001",781969.802383584,7407899.62025156,"May",2019-05-16 07:25:00,"Sleeping site",NA,"DG03","Guareí",NA,NA,NA
"jun002",781654.258634024,7408124.22646095,"Jun",2019-06-11 15:35:00,"Sleeping site",NA,"DG12","Guareí",NA,NA,NA
"jun003",781742.728,7407958.388,"Jun",2019-06-12 16:00:00,"Sleeping site",NA,"DG13","Guareí",NA,NA,NA
"jun005",781889.691698756,7407551.24457875,"Jun",2019-06-15 16:35:00,"Sleeping site",NA,"DG14","Guareí",NA,NA,NA
"jun006",781648.136599287,7407820.32741681,"Jun",2019-06-17 15:50:00,"Sleeping site",NA,"DG15","Guareí",NA,NA,NA
"jul001",782228.274484806,7407430.04331466,"Jul",2019-07-11 08:30:00,"Sleeping site",NA,"DG05","Guareí",NA,NA,NA
"jul002",781924.090884898,7407921.66764434,"Jul",2019-07-12 17:30:50,"Sleeping site",NA,"DG16","Guareí",NA,NA,NA
"jul003",781868.172636334,7408083.22377762,"Jul",2019-07-13 16:25:00,"Sleeping site",NA,"DG17","Guareí",NA,NA,NA
"jul004",782134.666461775,7407605.07897942,"Jul",2019-07-16 08:05:00,"Sleeping site",NA,"DG18","Guareí",NA,NA,NA
"jul004",781987.279444372,7407573.1023663,"Jul",2019-07-16 17:05:00,"Sleeping site",NA,"DG19","Guareí",NA,NA,NA
"jul005",782073.852350953,7407932.87366572,"Jul",2019-07-17 16:15:00,"Sleeping site",NA,"DG20","Guareí",NA,NA,NA
"jul008",781773.133855723,7408007.89834254,"Jul",2019-07-20 16:50:00,"Sleeping site",NA,"DG21","Guareí",NA,NA,NA
"aug001",781724.299442157,7407588.55161796,"Aug",2019-08-11 07:25:00,"Sleeping site",NA,"DG22","Guareí",NA,NA,NA
"aug001",781879.217717995,7408115.59251964,"Aug",2019-08-11 16:55:00,"Sleeping site",NA,"DG23","Guareí",NA,NA,NA
"aug003",782024.121889445,7407526.28072634,"Aug",2019-08-13 16:50:00,"Sleeping site",NA,"DG24","Guareí",NA,NA,NA
"aug005",781766.1344907,7408080.29947572,"Aug",2019-08-15 16:20:00,"Sleeping site",NA,"DG25","Guareí",NA,NA,NA
"aug006",781885.327058461,7408012.40252124,"Aug",2019-08-19 14:10:00,"Sleeping site",NA,"DG26","Guareí",NA,NA,NA
"20",364676.31264669,7540728.99556683,"Apr",2015-04-09 07:10:00,"Sleeping site",NA,"SS004","Santa Maria",NA,NA,NA
"20",364666.38,7540712.71,"Apr",2015-04-09 07:25:00,"Frugivory","inch_pass","AMf218","Santa Maria",NA,NA,NA
"20",364613,7540965.74,"Apr",2015-04-09 08:30:00,"Frugivory",NA,"SMaf102","Santa Maria",NA,NA,NA
"20",364616.51,7541042.66,"Apr",2015-04-09 09:15:00,"Frugivory",NA,"AMf186","Santa Maria",NA,NA,NA
"20",364860.26,7541225.25,"Apr",2015-04-09 10:45:00,"Frugivory","inch_pass","AMf109","Santa Maria",NA,NA,NA
"20",364999.23,7541353.55,"Apr",2015-04-09 11:25:00,"Frugivory","Eugenia aff. ramboi","AMf112","Santa Maria",NA,NA,NA
"20",365129.17,7541324.56,"Apr",2015-04-09 12:45:00,"Frugivory",NA,"AMf075","Santa Maria",NA,NA,NA
"20",365190.73,7541309.36,"Apr",2015-04-09 13:00:00,"Frugivory","Eugenia aff. ramboi","AMf074","Santa Maria",NA,NA,NA
"20",365232.33,7541302.31,"Apr",2015-04-09 13:10:00,"Frugivory","Eugenia aff. ramboi","AMf073","Santa Maria",NA,NA,NA
"20",365251.6,7541303.26,"Apr",2015-04-09 13:15:00,"Frugivory","Eugenia aff. ramboi","AMf119","Santa Maria",NA,NA,NA
"20",365326,7541330,"Apr",2015-04-09 13:35:00,"Frugivory","Eugenia aff. ramboi","AMf122","Santa Maria",NA,NA,NA
"20",365374,7541337,"Apr",2015-04-09 13:40:00,"Frugivory","Eugenia aff. ramboi","AMf028","Santa Maria",NA,NA,NA
"20",365383.94,7541233.87,"Apr",2015-04-09 14:45:00,"Frugivory","Celtis fluminensis","AMf071","Santa Maria",NA,NA,NA
"20",365504.27,7540973.58,"Apr",2015-04-09 16:00:00,"Sleeping site",NA,"SS006","Santa Maria",NA,NA,NA
"22",364723.8,7540972.84,"Apr",2015-04-11 08:05:00,"Frugivory","Celtis fluminensis","AMf163","Santa Maria",NA,NA,NA
"22",364741.57,7540994.96,"Apr",2015-04-11 09:05:00,"Frugivory",NA,"SMAf122","Santa Maria",NA,NA,NA
"22",364767.72,7540996.03,"Apr",2015-04-11 09:30:00,"Frugivory","Celtis fluminensis","AMf188","Santa Maria",NA,NA,NA
"22",364813.28,7540721.63,"Apr",2015-04-11 11:15:00,"Frugivory","inch_pass","AMf167","Santa Maria",NA,NA,NA
"22",364810.17,7540673.91,"Apr",2015-04-11 11:35:00,"Frugivory",NA,"SMaf126","Santa Maria",NA,NA,NA
"22",364858.04,7540695.99,"Apr",2015-04-11 12:55:00,"Frugivory","Eugenia aff. ramboi","AMf171","Santa Maria",NA,NA,NA
"22",364956.97,7540662.86,"Apr",2015-04-11 14:20:00,"Frugivory","Celtis fluminensis","AMf173","Santa Maria",NA,NA,NA
"22",364993.02,7540701.14,"Apr",2015-04-11 14:25:00,"Frugivory","Celtis fluminensis","AMf174","Santa Maria",NA,NA,NA
"22",364953.72,7540780.35,"Apr",2015-04-11 15:10:00,"Frugivory",NA,"SMAf130","Santa Maria",NA,NA,NA
"22",364906.39,7540862.16,"Apr",2015-04-11 15:30:00,"Frugivory","Celtis fluminensis","AMf179","Santa Maria",NA,NA,NA
"22",364814.31,7540838.37,"Apr",2015-04-11 16:10:00,"Frugivory","Celtis fluminensis","AMf238","Santa Maria",NA,NA,NA
"23",364737.95,7540731.65,"Apr",2015-04-12 07:45:00,"Frugivory",NA,"SMaf133","Santa Maria",NA,NA,NA
"23",364651.93,7540904.57,"Apr",2015-04-12 08:20:00,"Frugivory",NA,"AMf182","Santa Maria",NA,NA,NA
"23",364596.64,7540944.83,"Apr",2015-04-12 08:45:00,"Frugivory","inch_pass","AMf185","Santa Maria",NA,NA,NA
"23",364773.9,7541031.74,"Apr",2015-04-12 13:20:00,"Frugivory","inch_pass","AMf187","Santa Maria",NA,NA,NA
"23",364822.61,7540882.8,"Apr",2015-04-12 14:55:00,"Frugivory","inch_pass","AMf162","Santa Maria",NA,NA,NA
"23",364748.05,7540898.09,"Apr",2015-04-12 16:45:00,"Frugivory","Celtis fluminensis","AMf189","Santa Maria",NA,NA,NA
"25",364734.73,7540700.02,"Apr",2015-04-15 08:05:00,"Frugivory","inch_pass","AMf219","Santa Maria",NA,NA,NA
"25",364743.39,7540687.58,"Apr",2015-04-15 08:45:00,"Frugivory","inch_pass","AMf220","Santa Maria",NA,NA,NA
"25",364784.35,7540647.08,"Apr",2015-04-15 09:25:00,"Frugivory","inch_pass","AMf221","Santa Maria",NA,NA,NA
"25",364785.38,7540587.41,"Apr",2015-04-15 10:15:00,"Frugivory","Celtis fluminensis","AMf222","Santa Maria",NA,NA,NA
"25",364800.45,7540561.52,"Apr",2015-04-15 10:25:00,"Frugivory","Celtis fluminensis","AMf223","Santa Maria",NA,NA,NA
"25",364965.19,7540618.64,"Apr",2015-04-15 11:05:00,"Frugivory","Eugenia aff. ramboi","AMf225","Santa Maria",NA,NA,NA
"25",365044.42,7540682.11,"Apr",2015-04-15 12:20:00,"Frugivory","Eugenia aff. ramboi","AMf227","Santa Maria",NA,NA,NA
"25",365051.74,7540705.64,"Apr",2015-04-15 12:30:00,"Frugivory","Celtis fluminensis","AMf228","Santa Maria",NA,NA,NA
"25",365172.34,7540849.84,"Apr",2015-04-15 13:10:00,"Frugivory","Celtis fluminensis","AMf043","Santa Maria",NA,NA,NA
"25",365099.65,7541030.68,"Apr",2015-04-15 14:15:00,"Frugivory","Celtis fluminensis","AMf230","Santa Maria",NA,NA,NA
"25",365081.03,7541037.61,"Apr",2015-04-15 14:35:00,"Frugivory","Eugenia aff. ramboi","AMf232","Santa Maria",NA,NA,NA
"25",365051.94,7541087.84,"Apr",2015-04-15 14:55:00,"Frugivory","Eugenia aff. ramboi","AMf233","Santa Maria",NA,NA,NA
"25",365002.26,7541111.33,"Apr",2015-04-15 15:10:00,"Frugivory","Celtis fluminensis","AMf236","Santa Maria",NA,NA,NA
"25",364764.01,7540781.09,"Apr",2015-04-15 16:35:00,"Frugivory","Celtis fluminensis","Amf217","Santa Maria",NA,NA,NA
"7",365243.27,7541030.18,"Mar",2015-03-15 07:05:00,"Sleeping site",NA,"SS005","Santa Maria",NA,NA,NA
"7",365027.59,7540980.25,"Mar",2015-03-15 08:35:00,"Frugivory",NA,"SMaf001","Santa Maria",NA,NA,NA
"7",365004.41,7540953.48,"Mar",2015-03-15 08:55:00,"Frugivory",NA,"SMaf002","Santa Maria",NA,NA,NA
"7",365255.67,7540748.47,"Mar",2015-03-15 11:55:00,"Frugivory","Myrcia splendens","AMf007","Santa Maria",NA,NA,NA
"7",365504.27,7540973.58,"Mar",2015-03-15 15:25:00,"Sleeping site",NA,"SS006","Santa Maria",NA,NA,NA
"10",365201.41,7540932.46,"Mar",2015-03-18 07:10:00,"Frugivory","inch_pass","AMf100","Santa Maria",NA,NA,NA
"10",365330.27,7540719.14,"Mar",2015-03-18 08:50:00,"Frugivory",NA,"SMaf009","Santa Maria",NA,NA,NA
"10",365363.34,7540659.6,"Mar",2015-03-18 09:10:00,"Frugivory",NA,"SMaf010","Santa Maria",NA,NA,NA
"10",365435.02,7540782.4,"Mar",2015-03-18 10:15:00,"Frugivory",NA,"SMaf011","Santa Maria",NA,NA,NA
"10",365540.26,7540898.86,"Mar",2015-03-18 11:00:00,"Frugivory","Celtis fluminensis","AMf132","Santa Maria",NA,NA,NA
"10",365669.7,7540982.73,"Mar",2015-03-18 12:05:00,"Frugivory",NA,"SMaf017","Santa Maria",NA,NA,NA
"10",365664.51,7540996.78,"Mar",2015-03-18 12:20:00,"Frugivory",NA,"SMaf018","Santa Maria",NA,NA,NA
"10",365566.59,7541108.57,"Mar",2015-03-18 13:15:00,"Frugivory",NA,"SMaf019","Santa Maria",NA,NA,NA
"10",365450,7541162,"Mar",2015-03-18 13:35:00,"Frugivory","Celtis fluminensis","AMf030","Santa Maria",NA,NA,NA
"10",365389.21,7541179.13,"Mar",2015-03-18 14:20:00,"Frugivory",NA,"SMaf022","Santa Maria",NA,NA,NA
"10",365340.99,7541138.27,"Mar",2015-03-18 14:40:00,"Frugivory",NA,"SMaf023","Santa Maria",NA,NA,NA
"10",365245.54,7541179.37,"Mar",2015-03-18 15:10:00,"Frugivory",NA,"SMaf024","Santa Maria",NA,NA,NA
"10",365233.43,7541174,"Mar",2015-03-18 15:15:00,"Frugivory",NA,"SMaf025","Santa Maria",NA,NA,NA
"10",365164,7541202,"Mar",2015-03-18 15:30:00,"Frugivory","Celtis fluminensis","AMf022","Santa Maria",NA,NA,NA
"10",365002.26,7541111.33,"Mar",2015-03-18 15:55:00,"Frugivory","Celtis fluminensis","AMf236","Santa Maria",NA,NA,NA
"10",364746.51,7541015.09,"Mar",2015-03-18 16:50:00,"Frugivory",NA,"SMaf030","Santa Maria",NA,NA,NA
"10",364764.01,7540781.09,"Mar",2015-03-18 17:30:00,"Frugivory","Celtis fluminensis","Amf217","Santa Maria",NA,NA,NA
"10",364884.71,7540741.07,"Mar",2015-03-18 17:45:00,"Sleeping site",NA,"SS007","Santa Maria",NA,NA,NA
"12",365215.940352147,7540754.4008616,"Mar",2015-03-20 06:45:00,"Sleeping site",NA,"SS008","Santa Maria",NA,NA,NA
"12",365214.03,7540772.59,"Mar",2015-03-20 07:00:00,"Frugivory",NA,"AMf017","Santa Maria",NA,NA,NA
"12",365299.09,7540743.67,"Mar",2015-03-20 08:05:00,"Frugivory",NA,"SMaf035","Santa Maria",NA,NA,NA
"13",365307.84,7540650.24,"Mar",2015-03-21 13:45:00,"Frugivory",NA,"SMaf042","Santa Maria",NA,NA,NA
"14",365080.497093753,7540655.4983407,"Mar",2015-03-29 07:05:00,"Sleeping site",NA,"SS009","Santa Maria",NA,NA,NA
"14",365019,7540710,"Mar",2015-03-29 07:35:00,"Frugivory","Phoradendron quadrangulare","AMf018","Santa Maria",NA,NA,NA
"14",364970,7540628,"Mar",2015-03-29 08:05:00,"Frugivory","Phoradendron quadrangulare","AMf019","Santa Maria",NA,NA,NA
"14",364905,7540696,"Mar",2015-03-29 08:40:00,"Frugivory","Phoradendron quadrangulare","AMf020","Santa Maria",NA,NA,NA
"14",364923.47,7540807.43,"Mar",2015-03-29 09:10:00,"Frugivory","Phoradendron quadrangulare","AMf021","Santa Maria",NA,NA,NA
"14",365087.38,7541125.79,"Mar",2015-03-29 10:00:00,"Frugivory","Celtis fluminensis","AMf158","Santa Maria",NA,NA,NA
"14",365151.84,7541159.73,"Mar",2015-03-29 10:10:00,"Frugivory","Celtis fluminensis","SMaf052","Santa Maria",NA,NA,NA
"14",365235.18,7541219.58,"Mar",2015-03-29 10:40:00,"Frugivory",NA,"SMaf053","Santa Maria",NA,NA,NA
"14",365256.64,7541245.08,"Mar",2015-03-29 10:45:00,"Frugivory",NA,"SMaf054","Santa Maria",NA,NA,NA
"14",365287.61,7541308.82,"Mar",2015-03-29 11:00:00,"Frugivory","Eugenia aff. ramboi","SMaf055","Santa Maria",NA,NA,NA
"14",365307,7541381,"Mar",2015-03-29 11:10:00,"Frugivory","Eugenia aff. ramboi","AMf025","Santa Maria",NA,NA,NA
"14",365374,7541337,"Mar",2015-03-29 11:30:00,"Frugivory","Eugenia aff. ramboi","AMf028","Santa Maria",NA,NA,NA
"14",365456,7541220,"Mar",2015-03-29 12:20:00,"Frugivory","Eugenia aff. ramboi","AMf029","Santa Maria",NA,NA,NA
"14",365510,7541161,"Mar",2015-03-29 13:05:00,"Frugivory","Eugenia aff. ramboi","AMf031","Santa Maria",NA,NA,NA
"14",365387.58,7540712.15,"Mar",2015-03-29 15:25:00,"Frugivory",NA,"SMaf065","Santa Maria",NA,NA,NA
"14",365296,7540672,"Mar",2015-03-29 16:05:00,"Frugivory","Celtis fluminensis","AMf032","Santa Maria",NA,NA,NA
"14",365227.45,7540709.54,"Mar",2015-03-29 16:20:00,"Frugivory",NA,"SMaf068","Santa Maria",NA,NA,NA
"14",365155,7540699,"Mar",2015-03-29 16:40:00,"Frugivory","Celtis fluminensis","AMf033","Santa Maria",NA,NA,NA
"16",365123.09,7540679.8,"Mar",2015-03-31 07:25:00,"Frugivory","inch_pass","AMf037","Santa Maria",NA,NA,NA
"16",365180.84,7540677.3,"Mar",2015-03-31 07:55:00,"Frugivory",NA,"AMf038","Santa Maria",NA,NA,NA
"16",365203.42,7540676.95,"Mar",2015-03-31 08:10:00,"Frugivory",NA,"AMf039","Santa Maria",NA,NA,NA
"16",365191.48,7540721.9,"Mar",2015-03-31 08:30:00,"Frugivory",NA,"AMf040","Santa Maria",NA,NA,NA
"16",365185.35,7540755.84,"Mar",2015-03-31 08:45:00,"Frugivory",NA,"SMaf077","Santa Maria",NA,NA,NA
"16",365185.52,7540809.42,"Mar",2015-03-31 08:55:00,"Frugivory",NA,"SMaf078","Santa Maria",NA,NA,NA
"16",365172.34,7540849.84,"Mar",2015-03-31 09:00:00,"Frugivory","Celtis fluminensis","AMf043","Santa Maria",NA,NA,NA
"16",365146.67,7540944.95,"Mar",2015-03-31 09:30:00,"Frugivory",NA,"AMf044","Santa Maria",NA,NA,NA
"16",365588.03,7541129.51,"Mar",2015-03-31 11:45:00,"Frugivory",NA,"SMaf084","Santa Maria",NA,NA,NA
"16",365613.71,7541114.05,"Mar",2015-03-31 11:50:00,"Frugivory","Eugenia aff. ramboi","AMf051","Santa Maria",NA,NA,NA
"16",365641,7541103,"Mar",2015-03-31 12:10:00,"Frugivory","Eugenia aff. ramboi","AMf138","Santa Maria",NA,NA,NA
"16",365640.05,7541084.17,"Mar",2015-03-31 12:15:00,"Frugivory","Eugenia aff. ramboi","AMf199","Santa Maria",NA,NA,NA
"16",365682.94,7541107.23,"Mar",2015-03-31 12:35:00,"Frugivory",NA,"AMf052","Santa Maria",NA,NA,NA
"16",365720.85,7541097.82,"Mar",2015-03-31 12:55:00,"Frugivory",NA,"AMf053","Santa Maria",NA,NA,NA
"16",365699.83,7541049.03,"Mar",2015-03-31 13:10:00,"Frugivory","Eugenia aff. ramboi","AMf054","Santa Maria",NA,NA,NA
"16",365637.64,7540980.19,"Mar",2015-03-31 14:15:00,"Frugivory","Eugenia aff. ramboi","AMf057","Santa Maria",NA,NA,NA
"16",365626.27,7540961.05,"Mar",2015-03-31 14:20:00,"Frugivory",NA,"AMf058","Santa Maria",NA,NA,NA
"16",365617.27,7540939.71,"Mar",2015-03-31 14:25:00,"Frugivory",NA,"AMf060","Santa Maria",NA,NA,NA
"16",365577.82,7540925.31,"Mar",2015-03-31 14:35:00,"Frugivory","Celtis fluminensis","AMf061","Santa Maria",NA,NA,NA
"16",365548.16,7540881.06,"Mar",2015-03-31 15:00:00,"Frugivory",NA,"SMaf099","Santa Maria",NA,NA,NA
"16",365609.87,7540794.49,"Mar",2015-03-31 15:40:00,"Frugivory","Celtis fluminensis","AMf066","Santa Maria",NA,NA,NA
"16",365675.831919144,7540767.90078318,"Mar",2015-03-31 16:00:00,"Sleeping site",NA,"SS002","Santa Maria",NA,NA,NA
"29",364870.76,7540864.35,"May",2015-05-06 07:10:00,"Sleeping site",NA,"SS012","Santa Maria",NA,NA,NA
"29",364880.77,7540830.69,"May",2015-05-06 07:20:00,"Frugivory",NA,"SMaf175","Santa Maria",NA,NA,NA
"29",364859.15,7540785.03,"May",2015-05-06 07:30:00,"Frugivory",NA,"SMaf177","Santa Maria",NA,NA,NA
"29",364851.36,7540729.77,"May",2015-05-06 07:45:00,"Frugivory",NA,"SMaf179","Santa Maria",NA,NA,NA
"29",364858.04,7540695.99,"May",2015-05-06 07:55:00,"Frugivory","Eugenia aff. ramboi","AMf171","Santa Maria",NA,NA,NA
"29",364905,7540696,"May",2015-05-06 08:10:00,"Frugivory","Phoradendron quadrangulare","AMf020","Santa Maria",NA,NA,NA
"29",364993.02,7540701.14,"May",2015-05-06 09:00:00,"Frugivory","Celtis fluminensis","AMf174","Santa Maria",NA,NA,NA
"29",365051.74,7540705.64,"May",2015-05-06 09:10:00,"Frugivory","Celtis fluminensis","AMf228","Santa Maria",NA,NA,NA
"29",365255.67,7540748.47,"May",2015-05-06 09:40:00,"Frugivory","Myrcia splendens","AMf007","Santa Maria",NA,NA,NA
"29",365314.96,7540768.83,"May",2015-05-06 10:00:00,"Frugivory",NA,"SMaf188","Santa Maria",NA,NA,NA
"29",365353.98,7540767.01,"May",2015-05-06 10:05:00,"Frugivory",NA,"SMaf190","Santa Maria",NA,NA,NA
"29",365454.68,7541015.37,"May",2015-05-06 10:35:00,"Frugivory",NA,"AMf205","Santa Maria",NA,NA,NA
"29",365496.75,7541097,"May",2015-05-06 10:50:00,"Frugivory","Celtis fluminensis","AMf089","Santa Maria",NA,NA,NA
"29",365499.61,7541213.97,"May",2015-05-06 11:20:00,"Frugivory",NA,"SMaf194","Santa Maria",NA,NA,NA
"29",365487.32,7541280.67,"May",2015-05-06 11:35:00,"Frugivory",NA,"SMaf195","Santa Maria",NA,NA,NA
"29",365498.54,7541333.43,"May",2015-05-06 11:50:00,"Frugivory",NA,"SMaf196","Santa Maria",NA,NA,NA
"29",365486.81,7541365.18,"May",2015-05-06 12:00:00,"Frugivory","Eugenia aff. ramboi","AMf146","Santa Maria",NA,NA,NA
"29",365477.64,7541389.35,"May",2015-05-06 12:10:00,"Frugivory","Eugenia aff. ramboi","AMf147","Santa Maria",NA,NA,NA
"29",365477.94,7541422.09,"May",2015-05-06 12:15:00,"Frugivory",NA,"SMaf199","Santa Maria",NA,NA,NA
"29",365433.9,7541471.44,"May",2015-05-06 13:55:00,"Frugivory",NA,"SMaf200","Santa Maria",NA,NA,NA
"29",365415.21,7541478.38,"May",2015-05-06 14:00:00,"Frugivory",NA,"SMaf201","Santa Maria",NA,NA,NA
"29",365410.97,7541501.13,"May",2015-05-06 14:05:00,"Frugivory",NA,"SMaf202","Santa Maria",NA,NA,NA
"29",365392.3,7541525.05,"May",2015-05-06 14:25:00,"Frugivory",NA,"SMaf203","Santa Maria",NA,NA,NA
"29",365377.55,7541509.77,"May",2015-05-06 14:30:00,"Frugivory",NA,"SMaf205","Santa Maria",NA,NA,NA
"29",365340.38,7541459.27,"May",2015-05-06 14:55:00,"Frugivory",NA,"SMaf206","Santa Maria",NA,NA,NA
"29",365233.08,7541367.59,"May",2015-05-06 15:25:00,"Frugivory",NA,"SMaf208","Santa Maria",NA,NA,NA
"29",365229.76,7541348.55,"May",2015-05-06 15:30:00,"Frugivory",NA,"SMaf209","Santa Maria",NA,NA,NA
"29",365211.04,7541293.28,"May",2015-05-06 15:40:00,"Frugivory","Eugenia aff. ramboi","SMaf210","Santa Maria",NA,NA,NA
"29",365112.21,7541295.89,"May",2015-05-06 15:50:00,"Frugivory",NA,"SMaf211","Santa Maria",NA,NA,NA
"29",365045.83,7541275.34,"May",2015-05-06 16:05:00,"Sleeping site",NA,"SS013","Santa Maria",NA,NA,NA
"7",365243.27,7541030.18,"Mar",2015-03-15 07:05:00,"Sleeping site",NA,"SS005","Santa Maria",NA,NA,NA
"7",365504.27,7540973.58,"Mar",2015-03-15 15:25:00,"Sleeping site",NA,"SS006","Santa Maria",NA,NA,NA
"10",364884.71,7540741.07,"Mar",2015-03-18 17:45:00,"Sleeping site",NA,"SS007","Santa Maria",NA,NA,NA
"12",365215.940352147,7540754.4008616,"Mar",2015-03-20 06:45:00,"Sleeping site",NA,"SS008","Santa Maria",NA,NA,NA
"14",365080.497093753,7540655.4983407,"Mar",2015-03-29 07:05:00,"Sleeping site",NA,"SS009","Santa Maria",NA,NA,NA
"16",365675.831919144,7540767.90078318,"Mar",2015-03-31 16:00:00,"Sleeping site",NA,"SS002","Santa Maria",NA,NA,NA
"20",364676.31264669,7540728.99556683,"Apr",2015-04-09 07:10:00,"Sleeping site",NA,"SS004","Santa Maria",NA,NA,NA
"29",364870.76,7540864.35,"May",2015-05-06 07:10:00,"Sleeping site",NA,"SS012","Santa Maria",NA,NA,NA
"29",365045.83,7541275.34,"May",2015-05-06 16:05:00,"Sleeping site",NA,"SS013","Santa Maria",NA,NA,NA
"016",706001.458603343,7481495.19427921,"Apr",2019-04-06 08:00:00,"Sleeping site","Unknown","SS05","Suzano",NA,NA,NA
"016",705975.352637184,7481496.25553271,"Apr",2019-04-06 08:15:00,"Frugivory","Syagrus romanzoffiana","115.0","Suzano",NA,NA,NA
"016",705874.010495797,7481420.15740547,"Apr",2019-04-06 08:55:00,"Frugivory","Syagrus romanzoffiana","116.0","Suzano",NA,NA,NA
"016",705622.343753477,7481368.3977168,"Apr",2019-04-06 11:35:00,"Frugivory","Annona emarginata","117.0","Suzano",NA,NA,NA
"016",705804.120380373,7481349.29721365,"Apr",2019-04-06 13:40:00,"Frugivory","Syagrus romanzoffiana","118.0","Suzano",NA,NA,NA
"016",705899.883119617,7481384.23059989,"Apr",2019-04-06 14:30:00,"Frugivory","Tapirira guianensis","119.0","Suzano",NA,NA,NA
"016",705985.106392812,7481447.30638073,"Apr",2019-04-06 16:05:00,"Frugivory","Ficus guaranitica","120.0","Suzano",NA,NA,NA
"016",706057.333912989,7481411.36336816,"Apr",2019-04-06 16:50:00,"Sleeping site","Unknown","SS07","Suzano",NA,NA,NA
"019",706054.727485087,7481454.14158413,"Apr",2019-04-12 08:20:00,"Frugivory","Syagrus romanzoffiana","130.0","Suzano",NA,NA,NA
"019",705906.897389861,7481422.33188414,"Apr",2019-04-12 09:20:00,"Frugivory","Ficus guaranitica","131.0","Suzano",NA,NA,NA
"019",705816.830748932,7481429.46894944,"Apr",2019-04-12 10:15:00,"Frugivory","Syagrus romanzoffiana","132.0","Suzano",NA,NA,NA
"019",705618.433609142,7481330.38788677,"Apr",2019-04-12 11:35:00,"Frugivory","Syagrus romanzoffiana","133.0","Suzano",NA,NA,NA
"019",705713.489247615,7481248.4204482,"Apr",2019-04-12 13:30:00,"Frugivory","Syagrus romanzoffiana","f40_f","Suzano",NA,NA,NA
"019",705586.1650118,7481198.27846073,"Apr",2019-04-12 15:10:00,"Frugivory","Pereskia aculeata","134.0","Suzano",NA,NA,NA
"019",705694.703835688,7481182.45171759,"Apr",2019-04-12 16:50:00,"Sleeping site","Unknown","SS09","Suzano",NA,NA,NA
"005",706018.359681312,7481476.46750614,"Dec",2018-12-06 07:00:00,"Sleeping site","Unknown","SS04","Suzano",NA,NA,NA
"005",705994.004697127,7481490.12717565,"Dec",2018-12-06 07:25:00,"Frugivory","Trichilia catigua","38.0","Suzano",NA,NA,NA
"005",705987.733415948,7481494.12929206,"Dec",2018-12-06 07:40:00,"Frugivory","Syagrus romanzoffiana","39.0","Suzano",NA,NA,NA
"005",705934.160080558,7481468.04178784,"Dec",2018-12-06 09:35:00,"Frugivory","Xylopia brasiliensis","40.0","Suzano",NA,NA,NA
"005",705939.01229419,7481465.42424766,"Dec",2018-12-06 09:50:00,"Frugivory","Trichilia catigua","41.0","Suzano",NA,NA,NA
"005",705913.838560514,7481407.10222712,"Dec",2018-12-06 10:40:00,"Frugivory","Syagrus romanzoffiana","42.0","Suzano",NA,NA,NA
"005",705841.627304516,7481382.01036401,"Dec",2018-12-06 12:15:00,"Frugivory","Pera glabrata","44.0","Suzano",NA,NA,NA
"005",705909.684475344,7481380.45979009,"Dec",2018-12-06 13:50:00,"Frugivory","Syagrus romanzoffiana","46.0","Suzano",NA,NA,NA
"005",705938.01313934,7481374.62749197,"Dec",2018-12-06 15:15:00,"Frugivory","Xylopia brasiliensis","47.0","Suzano",NA,NA,NA
"005",705988.595689822,7481350.05265841,"Dec",2018-12-06 15:50:00,"Frugivory","Syagrus romanzoffiana","48.0","Suzano",NA,NA,NA
"005",706019.226529725,7481346.10763687,"Dec",2018-12-06 17:05:00,"Frugivory","Xylopia brasiliensis","49.0","Suzano",NA,NA,NA
"005",706044.139530126,7481279.17846297,"Dec",2018-12-06 17:50:00,"Sleeping site","Unknown","SS01","Suzano",NA,NA,NA
"006",706027.598070167,7481257.47615112,"Dec",2018-12-07 07:50:00,"Frugivory","Syagrus romanzoffiana","f10_f","Suzano",NA,NA,NA
"006",705966.552704349,7481298.27268434,"Dec",2018-12-07 09:15:00,"Frugivory","Trichilia catigua","50.0","Suzano",NA,NA,NA
"006",706031.628844548,7481360.32849772,"Dec",2018-12-07 09:55:00,"Frugivory","Xylopia brasiliensis","51.0","Suzano",NA,NA,NA
"006",706037.094562641,7481360.46188579,"Dec",2018-12-07 10:10:00,"Frugivory","Xylopia brasiliensis","f11_f","Suzano",NA,NA,NA
"006",705912.90361416,7481431.69982332,"Dec",2018-12-07 12:30:00,"Frugivory","Syagrus romanzoffiana","52.0","Suzano",NA,NA,NA
"006",705938.334224605,7481495.49425754,"Dec",2018-12-07 13:00:00,"Frugivory","Syagrus romanzoffiana","53.0","Suzano",NA,NA,NA
"006",706010.451211304,7481447.21813765,"Dec",2018-12-07 15:35:00,"Frugivory","Casearia sylvestris","54.0","Suzano",NA,NA,NA
"006",706033.221438909,7481455.72568852,"Dec",2018-12-07 16:00:00,"Frugivory","Casearia sylvestris","55.0","Suzano",NA,NA,NA
"006",706001.458603343,7481495.19427921,"Dec",2018-12-07 17:45:00,"Sleeping site","Unknown","SS05","Suzano",NA,NA,NA
"007",705948.16776027,7481539.0932568,"Dec",2018-12-08 08:30:00,"Frugivory","Syagrus romanzoffiana","56.0","Suzano",NA,NA,NA
"007",705955.896619288,7481530.2628096,"Dec",2018-12-08 08:50:00,"Frugivory","Syagrus romanzoffiana","57.0","Suzano",NA,NA,NA
"007",705828.815686648,7481433.06203378,"Dec",2018-12-08 11:35:00,"Frugivory","Syagrus romanzoffiana","f12_f","Suzano",NA,NA,NA
"007",705846.810206896,7481410.68372923,"Dec",2018-12-08 13:05:00,"Frugivory","Xylopia brasiliensis","58.0","Suzano",NA,NA,NA
"007",705976.370395048,7481376.39079696,"Dec",2018-12-08 14:00:00,"Frugivory","Plinia trunciflora","60.0","Suzano",NA,NA,NA
"007",705981.090963909,7481373.74395337,"Dec",2018-12-08 14:15:00,"Frugivory","Plinia trunciflora","61.0","Suzano",NA,NA,NA
"007",706045.06515108,7481317.70366714,"Dec",2018-12-08 16:20:00,"Frugivory","Syagrus romanzoffiana","62.0","Suzano",NA,NA,NA
"007",706058.503849112,7481319.18583155,"Dec",2018-12-08 16:25:00,"Frugivory","Syagrus romanzoffiana","63.0","Suzano",NA,NA,NA
"007",706061.638640937,7481248.03556027,"Dec",2018-12-08 17:00:00,"Frugivory","Syagrus romanzoffiana","64.0","Suzano",NA,NA,NA
"007",706066.376653521,7481247.16799299,"Dec",2018-12-08 17:15:00,"Frugivory","Syagrus romanzoffiana","f13_f","Suzano",NA,NA,NA
"007",706029.363765906,7481242.49414321,"Dec",2018-12-08 17:50:00,"Sleeping site","Unknown","SS02","Suzano",NA,NA,NA
"008",705980.346089841,7481263.20964669,"Dec",2018-12-09 08:00:00,"Frugivory","Plinia trunciflora","65.0","Suzano",NA,NA,NA
"008",705971.858740671,7481265.18066677,"Dec",2018-12-09 08:15:00,"Frugivory","Plinia trunciflora","66.0","Suzano",NA,NA,NA
"008",705955.81153498,7481403.29737911,"Dec",2018-12-09 10:35:00,"Frugivory","Trichilia catigua","67.0","Suzano",NA,NA,NA
"008",705951.788892092,7481401.0931879,"Dec",2018-12-09 10:50:00,"Frugivory","Syagrus romanzoffiana","f14_f","Suzano",NA,NA,NA
"008",705967.010539275,7481558.53361164,"Dec",2018-12-09 14:20:00,"Frugivory","Abuta selloana","68.0","Suzano",NA,NA,NA
"008",705973.834354869,7481550.70960103,"Dec",2018-12-09 14:35:00,"Frugivory","Rhipsalis teres","69.0","Suzano",NA,NA,NA
"008",705846.234391977,7481543.42587864,"Dec",2018-12-09 17:15:00,"Frugivory","Syagrus romanzoffiana","70.0","Suzano",NA,NA,NA
"008",705851.210204834,7481546.56151635,"Dec",2018-12-09 17:30:00,"Frugivory","Syagrus romanzoffiana","71.0","Suzano",NA,NA,NA
"008",705899.54557222,7481555.05890254,"Dec",2018-12-09 18:00:00,"Sleeping site","Unknown","SS06","Suzano",NA,NA,NA
"009",705893.438879994,7481557.40996949,"Dec",2018-12-10 08:15:00,"Frugivory","Syagrus romanzoffiana","72.0","Suzano",NA,NA,NA
"009",705789.865308075,7481457.57185709,"Dec",2018-12-10 10:45:00,"Frugivory","Syagrus romanzoffiana","73.0","Suzano",NA,NA,NA
"009",705774.330781506,7481451.78345841,"Dec",2018-12-10 11:00:00,"Frugivory","Syagrus romanzoffiana","f15_f","Suzano",NA,NA,NA
"009",705715.138124443,7481407.72564802,"Dec",2018-12-10 12:35:00,"Frugivory","Rhipsalis teres","74.0","Suzano",NA,NA,NA
"009",705718.394836693,7481360.80505106,"Dec",2018-12-10 13:20:00,"Frugivory","Trichilia catigua","75.0","Suzano",NA,NA,NA
"009",705979.755552421,7481394.07654376,"Dec",2018-12-10 16:25:00,"Frugivory","Plinia trunciflora","76.0","Suzano",NA,NA,NA
"009",706057.333912989,7481411.36336816,"Dec",2018-12-10 16:55:00,"Sleeping site","Unknown","SS07","Suzano",NA,NA,NA
"010",706006.054838579,7481390.25549428,"Dec",2018-12-11 08:15:00,"Frugivory","Plinia trunciflora","f17_f","Suzano",NA,NA,NA
"010",705765.692346692,7481360.03304439,"Dec",2018-12-11 10:45:00,"Frugivory","Xylopia brasiliensis","77.0","Suzano",NA,NA,NA
"010",705707.930211198,7481346.02227,"Dec",2018-12-11 11:15:00,"Frugivory","Syagrus romanzoffiana","79.0","Suzano",NA,NA,NA
"010",705763.644487414,7481297.72259269,"Dec",2018-12-11 13:50:00,"Frugivory","Plinia trunciflora","80.0","Suzano",NA,NA,NA
"010",706008.648681181,7481396.62706462,"Dec",2018-12-11 17:30:00,"Sleeping site","Unknown","SS03","Suzano",NA,NA,NA
"012",705436.823918224,7481102.8667661,"Feb",2019-02-19 08:00:00,"Sleeping site","Unknown","SS08","Suzano",NA,NA,NA
"012",705395.646044917,7481047.80793132,"Feb",2019-02-19 08:25:00,"Frugivory","Campomanesia guaviroba","89.0","Suzano",NA,NA,NA
"012",705393.734619631,7481035.33692971,"Feb",2019-02-19 08:40:00,"Frugivory","Celtis iguanaea","90.0","Suzano",NA,NA,NA
"012",705367.090512532,7481039.71186638,"Feb",2019-02-19 09:35:00,"Frugivory","Syagrus romanzoffiana","91.0","Suzano",NA,NA,NA
"012",705351.41681873,7481015.73491851,"Feb",2019-02-19 10:15:00,"Frugivory","Eugenia punicifolia","92.0","Suzano",NA,NA,NA
"012",705344.5518739,7481018.04340715,"Feb",2019-02-19 10:20:00,"Frugivory","Eugenia punicifolia","f23_f","Suzano",NA,NA,NA
"012",705335.599442909,7481036.23303825,"Feb",2019-02-19 10:40:00,"Frugivory","Ficus luschnathiana","93.0","Suzano",NA,NA,NA
"012",705393.408577702,7481131.71562721,"Feb",2019-02-19 12:30:00,"Frugivory","Syagrus romanzoffiana","94.0","Suzano",NA,NA,NA
"012",705426.588762187,7481140.88251,"Feb",2019-02-19 14:10:00,"Frugivory","Ficus luschnathiana","95.0","Suzano",NA,NA,NA
"012",705484.73,7481165.47,"Feb",2019-02-19 14:50:00,"Frugivory","Campomanesia guaviroba","96.0","Suzano",NA,NA,NA
"012",705488.149697125,7481167.42360114,"Feb",2019-02-19 15:05:00,"Frugivory","Syagrus romanzoffiana","97.0","Suzano",NA,NA,NA
"012",705643.321287307,7481159.5217141,"Feb",2019-02-19 16:35:00,"Frugivory","Syagrus romanzoffiana","98.0","Suzano",NA,NA,NA
"012",705667.750903599,7481169.41300346,"Feb",2019-02-19 16:50:00,"Frugivory","Syagrus romanzoffiana","f24_f","Suzano",NA,NA,NA
"012",705694.703835688,7481182.45171759,"Feb",2019-02-19 17:05:00,"Sleeping site","Unknown","SS09","Suzano",NA,NA,NA
"013",705734.214925227,7481206.54901699,"Feb",2019-02-20 09:10:00,"Frugivory","Xylopia brasiliensis","99.0","Suzano",NA,NA,NA
"013",705838.912042894,7481406.2240075,"Feb",2019-02-20 11:45:00,"Frugivory","Plinia rivularis","100.0","Suzano",NA,NA,NA
"013",705868.284336767,7481438.37269847,"Feb",2019-02-20 12:05:00,"Frugivory","Campomanesia guaviroba","101.0","Suzano",NA,NA,NA
"013",706063.166883559,7481412.05755029,"Feb",2019-02-20 15:05:00,"Frugivory","Eugenia punicifolia","102.0","Suzano",NA,NA,NA
"013",706057.84,7481403.52,"Feb",2019-02-20 15:20:00,"Frugivory","Plinia rivularis","103.0","Suzano",NA,NA,NA
"013",706063.166883569,7481412.05755029,"Feb",2019-02-20 15:25:00,"Frugivory","Plinia rivularis","103.0","Suzano",NA,NA,NA
"013",706008.648681181,7481396.62706462,"Feb",2019-02-20 16:55:00,"Sleeping site","Unknown","SS03","Suzano",NA,NA,NA
"002",706044.139530126,7481279.17846297,"Sep",2018-09-09 07:50:00,"Sleeping site","Unknown","SS01","Suzano",NA,NA,NA
"002",706054.426485211,7481305.34090616,"Sep",2018-09-09 08:15:00,"Frugivory","Syagrus romanzoffiana","10.0","Suzano",NA,NA,NA
"002",706013.402494912,7481252.05693491,"Sep",2018-09-09 09:45:00,"Frugivory","Syagrus romanzoffiana","12.0","Suzano",NA,NA,NA
"002",706073.930349529,7481151.93270186,"Sep",2018-09-09 11:25:00,"Frugivory","Syagrus romanzoffiana","13.0","Suzano",NA,NA,NA
"002",706067.760337466,7481150.79743621,"Sep",2018-09-09 11:40:00,"Frugivory","Syagrus romanzoffiana","f04_f","Suzano",NA,NA,NA
"002",706059.70561979,7481245.73457894,"Sep",2018-09-09 13:45:00,"Frugivory","Cordia sellowiana","14.0","Suzano",NA,NA,NA
"002",706064.073368646,7481249.00194293,"Sep",2018-09-09 14:00:00,"Frugivory","Myrciaria cuspidata","15.0","Suzano",NA,NA,NA
"002",706045.947190591,7481235.82955553,"Sep",2018-09-09 16:10:00,"Frugivory","Syagrus romanzoffiana","16.0","Suzano",NA,NA,NA
"002",706042.606336202,7481241.07557487,"Sep",2018-09-09 16:25:00,"Frugivory","Syagrus romanzoffiana","f05_f","Suzano",NA,NA,NA
"002",706010.209325079,7481231.2175501,"Sep",2018-09-09 16:45:00,"Frugivory","Trichilia catigua","9.0","Suzano",NA,NA,NA
"002",706029.363765906,7481242.49414321,"Sep",2018-09-09 17:00:00,"Sleeping site","Unknown","SS02","Suzano",NA,NA,NA
"003",706030.579034728,7481203.47328722,"Sep",2018-09-10 07:55:00,"Frugivory","Syagrus romanzoffiana","18.0","Suzano",NA,NA,NA
"003",706029.997308278,7481169.67632481,"Sep",2018-09-10 09:30:00,"Frugivory","Syagrus romanzoffiana","19.0","Suzano",NA,NA,NA
"003",706011.480962019,7481152.47285073,"Sep",2018-09-10 09:55:00,"Frugivory","Syagrus romanzoffiana","20.0","Suzano",NA,NA,NA
"003",706101.491188066,7481127.55624424,"Sep",2018-09-10 11:40:00,"Frugivory","Cordia sellowiana","21.0","Suzano",NA,NA,NA
"003",706102.621852225,7481137.34188304,"Sep",2018-09-10 11:55:00,"Frugivory","Philodendron spp.","22.0","Suzano",NA,NA,NA
"003",706138.496463782,7481194.27177808,"Sep",2018-09-10 13:25:00,"Frugivory","Pera glabrata","23.0","Suzano",NA,NA,NA
"003",706111.966766952,7481209.12760479,"Sep",2018-09-10 13:45:00,"Frugivory","Randia armata","24.0","Suzano",NA,NA,NA
"003",706105.676226527,7481205.90301433,"Sep",2018-09-10 13:55:00,"Frugivory","Syagrus romanzoffiana","25.0","Suzano",NA,NA,NA
"003",706039.211445498,7481288.61068935,"Sep",2018-09-10 15:35:00,"Frugivory","Syagrus romanzoffiana","27.0","Suzano",NA,NA,NA
"003",706047.669506346,7481312.26548813,"Sep",2018-09-10 16:00:00,"Frugivory","Syagrus romanzoffiana","28.0","Suzano",NA,NA,NA
"003",706008.648681181,7481396.62706462,"Sep",2018-09-10 17:25:00,"Sleeping site","Unknown","SS03","Suzano",NA,NA,NA
"004",706021.181744755,7481417.65050429,"Sep",2018-09-11 08:10:00,"Frugivory","Myrciaria cuspidata","29.0","Suzano",NA,NA,NA
"004",705954.039128576,7481447.02823028,"Sep",2018-09-11 11:15:00,"Frugivory","Myrsine umbellata","30.0","Suzano",NA,NA,NA
"004",705957.962124888,7481441.3891254,"Sep",2018-09-11 11:30:00,"Frugivory","Philodendron spp.","31.0","Suzano",NA,NA,NA
"004",705967.086390729,7481360.57097289,"Sep",2018-09-11 13:25:00,"Frugivory","Syagrus romanzoffiana","f08_f","Suzano",NA,NA,NA
"004",705961.968915434,7481357.74601475,"Sep",2018-09-11 13:30:00,"Frugivory","Syagrus romanzoffiana","32.0","Suzano",NA,NA,NA
"004",706034.129726075,7481370.73597069,"Sep",2018-09-11 15:55:00,"Frugivory","Syagrus romanzoffiana","33.0","Suzano",NA,NA,NA
"004",706041.722653145,7481368.49042798,"Sep",2018-09-11 16:00:00,"Frugivory","Syagrus romanzoffiana","33.0","Suzano",NA,NA,NA
"004",706047.110086779,7481374.17308426,"Sep",2018-09-11 16:05:00,"Frugivory","Syagrus romanzoffiana","34.0","Suzano",NA,NA,NA
"004",706043.870145939,7481377.82636618,"Sep",2018-09-11 16:15:00,"Frugivory","Syagrus romanzoffiana","35.0","Suzano",NA,NA,NA
"002",706044.139530126,7481279.17846297,"Sep",2018-09-09 07:50:00,"Sleeping site","Unknown","SS01","Suzano",NA,NA,NA
"002",706029.363765906,7481242.49414321,"Sep",2018-09-09 17:00:00,"Sleeping site","Unknown","SS02","Suzano",NA,NA,NA
"003",706008.648681181,7481396.62706462,"Sep",2018-09-10 17:25:00,"Sleeping site","Unknown","SS03","Suzano",NA,NA,NA
"005",706018.359681312,7481476.46750614,"Dec",2018-12-06 07:00:00,"Sleeping site","Unknown","SS04","Suzano",NA,NA,NA
"006",706001.458603343,7481495.19427921,"Dec",2018-12-07 17:45:00,"Sleeping site","Unknown","SS05","Suzano",NA,NA,NA
"008",705899.54557222,7481555.05890254,"Dec",2018-12-09 18:00:00,"Sleeping site","Unknown","SS06","Suzano",NA,NA,NA
"009",706057.333912989,7481411.36336816,"Dec",2018-12-10 16:55:00,"Sleeping site","Unknown","SS07","Suzano",NA,NA,NA
"012",705436.823918224,7481102.8667661,"Feb",2019-02-19 08:00:00,"Sleeping site","Unknown","SS08","Suzano",NA,NA,NA
"012",705694.703835688,7481182.45171759,"Feb",2019-02-19 17:05:00,"Sleeping site","Unknown","SS09","Suzano",NA,NA,NA
"002",371362.521051776,7499514.75751989,"Dec_2017",2017-12-03 07:10:00,"Sleeping site","Unknown","SS01","Taquara",NA,NA,NA
"002",371348.437101024,7499357.87739406,"Dec_2017",2017-12-03 07:45:00,"Frugivory","Psidium longipetiolatum","12.0","Taquara",NA,NA,NA
"002",371370.858906456,7499342.56147561,"Dec_2017",2017-12-03 08:00:00,"Frugivory","Psidium longipetiolatum","13.0","Taquara",NA,NA,NA
"002",372008.070141809,7499073.22956191,"Dec_2017",2017-12-03 10:50:00,"Frugivory","Eugenia pyriformis","14.0","Taquara",NA,NA,NA
"002",372582.439305893,7499324.65750388,"Dec_2017",2017-12-03 12:50:00,"Frugivory","Psidium longipetiolatum","15.0","Taquara",NA,NA,NA
"002",372591.907511498,7499348.83011507,"Dec_2017",2017-12-03 13:00:00,"Frugivory","Psidium longipetiolatum","16.0","Taquara",NA,NA,NA
"002",372575.196668809,7500216.53975658,"Dec_2017",2017-12-03 15:05:00,"Frugivory","Trichilia catigua","17.0","Taquara",NA,NA,NA
"002",372576.22120048,7500193.84620567,"Dec_2017",2017-12-03 15:15:00,"Frugivory","Eugenia pyriformis","18.0","Taquara",NA,NA,NA
"002",372119.855922849,7500426.82630433,"Dec_2017",2017-12-03 17:05:00,"Frugivory","Trichilia catigua","19.0","Taquara",NA,NA,NA
"002",372233.198128257,7500233.38892509,"Dec_2017",2017-12-03 17:45:00,"Frugivory","Psidium longipetiolatum","f01_f","Taquara",NA,NA,NA
"002",371915.120955237,7500041.32932012,"Dec_2017",2017-12-03 18:50:00,"Frugivory","Psidium longipetiolatum","20.0","Taquara",NA,NA,NA
"002",371817.43837418,7500257.73497672,"Dec_2017",2017-12-03 19:40:00,"Frugivory","Trichilia catigua","21.0","Taquara",NA,NA,NA
"002",371863.990673963,7500271.77064389,"Dec_2017",2017-12-03 19:55:00,"Frugivory","Psidium longipetiolatum","22.0","Taquara",NA,NA,NA
"002",371895.193097801,7500355.77718525,"Dec_2017",2017-12-03 20:30:00,"Sleeping site","Unknown","SS02","Taquara",NA,NA,NA
NA,371139.009084429,7499946.53588452,"Feb",NA,"Sleeping site",NA,"SS06",NA,"010",2018-02-03 06:40:00,"Unknown"
NA,371119.309255101,7499877.92144475,"Feb",NA,"Frugivory",NA,"89.0",NA,"010",2018-02-03 07:10:00,"Psidium longipetiolatum"
NA,371138.977568875,7499888.55997696,"Feb",NA,"Frugivory",NA,"90.0",NA,"010",2018-02-03 07:25:00,"Psidium myrtoides"
NA,371011.393868299,7499624.64041395,"Feb",NA,"Frugivory",NA,"91.0",NA,"010",2018-02-03 09:00:00,"Psidium myrtoides"
NA,371121.705712753,7499417.74025507,"Feb",NA,"Frugivory",NA,"92.0",NA,"010",2018-02-03 09:50:00,"Psidium longipetiolatum"
NA,371144.465811339,7499439.84673074,"Feb",NA,"Frugivory",NA,"93.0",NA,"010",2018-02-03 10:05:00,"Rhipsalis teres"
NA,371149.7578014,7499480.19586623,"Feb",NA,"Frugivory",NA,"f05_f",NA,"010",2018-02-03 10:15:00,"Rhipsalis teres"
NA,371562.215258057,7499369.55447347,"Feb",NA,"Frugivory",NA,"94.0",NA,"010",2018-02-03 11:30:00,"Syagrus romanzoffiana"
NA,371601.096331044,7499363.77753752,"Feb",NA,"Frugivory",NA,"95.0",NA,"010",2018-02-03 11:40:00,"Rhipsalis teres"
NA,371797.332576082,7499384.19844675,"Feb",NA,"Frugivory",NA,"96.0",NA,"010",2018-02-03 12:35:00,"Psidium longipetiolatum"
NA,372018.06488697,7499395.57302748,"Feb",NA,"Frugivory",NA,"97.0",NA,"010",2018-02-03 13:20:00,"Psidium longipetiolatum"
NA,372052.507761267,7499405.07383776,"Feb",NA,"Frugivory",NA,"98.0",NA,"010",2018-02-03 13:35:00,"Rhipsalis cereuscula"
NA,372301.159634802,7499851.52299266,"Feb",NA,"Frugivory",NA,"99.0",NA,"010",2018-02-03 17:00:00,"Ficus enormis"
NA,372284.570509604,7499819.93568972,"Feb",NA,"Frugivory",NA,"100.0",NA,"010",2018-02-03 17:15:00,"Ficus enormis"
NA,372002.257149693,7499846.12768788,"Feb",NA,"Sleeping site",NA,"SS07",NA,"010",2018-02-03 18:45:00,"Unknown"
"003",371895.193097801,7500355.77718525,"Jan",2018-01-27 08:05:00,"Sleeping site","Unknown","SS02","Taquara",NA,NA,NA
"003",371823.500018062,7500312.27567375,"Jan",2018-01-27 08:20:00,"Frugivory","Campomanesia xanthocarpa","23.0","Taquara",NA,NA,NA
"003",371784.525296974,7500307.47317041,"Jan",2018-01-27 08:35:00,"Frugivory","Campomanesia xanthocarpa","25.0","Taquara",NA,NA,NA
"003",371128.71306284,7500109.96954278,"Jan",2018-01-27 10:15:00,"Frugivory","Psidium longipetiolatum","26.0","Taquara",NA,NA,NA
"003",370904.471262556,7499889.53972854,"Jan",2018-01-27 11:25:00,"Frugivory","Campomanesia xanthocarpa","27.0","Taquara",NA,NA,NA
"003",370625.705194911,7499610.95902884,"Jan",2018-01-27 13:10:00,"Frugivory","Campomanesia xanthocarpa","28.0","Taquara",NA,NA,NA
"003",370614.57064369,7499531.73704803,"Jan",2018-01-27 13:45:00,"Frugivory","Psidium longipetiolatum","29.0","Taquara",NA,NA,NA
"003",370856.179577939,7499233.9844134,"Jan",2018-01-27 14:45:00,"Frugivory","Sorocea bonplandii","31.0","Taquara",NA,NA,NA
"003",371201.631560424,7499460.94375931,"Jan",2018-01-27 15:50:00,"Frugivory","Rhipsalis cereuscula","32.0","Taquara",NA,NA,NA
"003",371215.272446209,7499477.05097677,"Jan",2018-01-27 16:05:00,"Frugivory","Rhipsalis cereuscula","33.0","Taquara",NA,NA,NA
"003",371637.952742219,7499714.42882424,"Jan",2018-01-27 18:00:00,"Frugivory","Rhipsalis cereuscula","34.0","Taquara",NA,NA,NA
"003",371666.426694764,7499729.17622295,"Jan",2018-01-27 18:15:00,"Frugivory","Campomanesia xanthocarpa","35.0","Taquara",NA,NA,NA
"003",371788.535217618,7500133.44408993,"Jan",2018-01-27 19:00:00,"Sleeping site","Unknown","SS03","Taquara",NA,NA,NA
"004",371676.51039226,7500025.59556806,"Jan",2018-01-28 07:20:00,"Frugivory","Psidium longipetiolatum","36.0","Taquara",NA,NA,NA
"004",371646.670323349,7500009.16600615,"Jan",2018-01-28 07:35:00,"Frugivory","Rhipsalis teres","37.0","Taquara",NA,NA,NA
"004",371511.43033355,7499836.83499406,"Jan",2018-01-28 08:40:00,"Frugivory","Rhipsalis teres","38.0","Taquara",NA,NA,NA
"004",371558.472525146,7499198.77177553,"Jan",2018-01-28 11:45:00,"Frugivory","Psidium longipetiolatum","39.0","Taquara",NA,NA,NA
"004",371928.568065919,7499025.45993297,"Jan",2018-01-28 13:40:00,"Frugivory","Psidium longipetiolatum","40.0","Taquara",NA,NA,NA
"004",372087.667101218,7499115.72702782,"Jan",2018-01-28 14:40:00,"Frugivory","Allophylus edulis","41.0","Taquara",NA,NA,NA
"004",372296.318392485,7499454.48470868,"Jan",2018-01-28 16:20:00,"Frugivory","Campomanesia xanthocarpa","42.0","Taquara",NA,NA,NA
"004",372303.543253535,7499598.62872732,"Jan",2018-01-28 17:00:00,"Frugivory","Sorocea bonplandii","f02_f","Taquara",NA,NA,NA
"004",372320.006696367,7499662.90406736,"Jan",2018-01-28 17:05:00,"Frugivory","Sorocea bonplandii","f03_f","Taquara",NA,NA,NA
"004",372283.697349361,7499873.00443512,"Jan",2018-01-28 17:30:00,"Frugivory","Campomanesia xanthocarpa","43.0","Taquara",NA,NA,NA
"004",372413.581824218,7500114.81364754,"Jan",2018-01-28 18:30:00,"Frugivory","Allophylus edulis","44.0","Taquara",NA,NA,NA
"004",372402.671041875,7500113.96656756,"Jan",2018-01-28 18:35:00,"Sleeping site","Unknown","SS04","Taquara",NA,NA,NA
"005",372402.840669113,7500109.52256058,"Jan",2018-01-29 07:05:00,"Frugivory","Allophylus edulis","45.0","Taquara",NA,NA,NA
"005",372534.851955203,7499955.29526333,"Jan",2018-01-29 07:35:00,"Frugivory","Eugenia brasiliensis","46.0","Taquara",NA,NA,NA
"005",372806.633728662,7499688.13757242,"Jan",2018-01-29 09:20:00,"Frugivory","Eugenia brasiliensis","48.0","Taquara",NA,NA,NA
"005",372919.155866766,7499546.89792702,"Jan",2018-01-29 10:00:00,"Frugivory","Eugenia brasiliensis","49.0","Taquara",NA,NA,NA
"005",372954.959967731,7499265.96573488,"Jan",2018-01-29 11:35:00,"Frugivory","Ficus enormis","50.0","Taquara",NA,NA,NA
"005",372591.103486789,7499050.17748274,"Jan",2018-01-29 13:55:00,"Frugivory","Eugenia brasiliensis","51.0","Taquara",NA,NA,NA
"005",372135.204336592,7499159.14334631,"Jan",2018-01-29 15:35:00,"Frugivory","Allophylus edulis","52.0","Taquara",NA,NA,NA
"005",371597.058702725,7499309.41414001,"Jan",2018-01-29 17:50:00,"Frugivory","Eugenia brasiliensis","53.0","Taquara",NA,NA,NA
"005",371362.521051776,7499514.75751989,"Jan",2018-01-29 19:10:00,"Sleeping site","Unknown","SS01","Taquara",NA,NA,NA
"006",371469.131370737,7499457.71340434,"Jan",2018-01-30 07:35:00,"Frugivory","Eugenia brasiliensis","54.0","Taquara",NA,NA,NA
"006",371491.51791985,7499475.76271077,"Jan",2018-01-30 07:50:00,"Frugivory","Eugenia brasiliensis","55.0","Taquara",NA,NA,NA
"006",371482.206098737,7499507.02298388,"Jan",2018-01-30 08:00:00,"Frugivory","Eugenia brasiliensis","f04_f","Taquara",NA,NA,NA
"006",372045.012911166,7499720.70307083,"Jan",2018-01-30 09:30:00,"Frugivory","Eugenia punicifolia","56.0","Taquara",NA,NA,NA
"006",372077.998420553,7499728.89617541,"Jan",2018-01-30 10:15:00,"Frugivory","Myrceugenia ovata","58.0","Taquara",NA,NA,NA
"006",372344.125080626,7499916.53400188,"Jan",2018-01-30 11:55:00,"Frugivory","Myrceugenia ovata","59.0","Taquara",NA,NA,NA
"006",372362.092355317,7499940.92259797,"Jan",2018-01-30 12:10:00,"Frugivory","Eugenia brasiliensis","60.0","Taquara",NA,NA,NA
"006",372288.904834554,7500165.97292054,"Jan",2018-01-30 13:40:00,"Frugivory","Ficus enormis","61.0","Taquara",NA,NA,NA
"006",372262.051299502,7500155.35242826,"Jan",2018-01-30 13:55:00,"Frugivory","Syagrus romanzoffiana","62.0","Taquara",NA,NA,NA
"006",371831.747183377,7499922.07364,"Jan",2018-01-30 15:20:00,"Frugivory","Eugenia brasiliensis","63.0","Taquara",NA,NA,NA
"006",371558.244255836,7499796.5554246,"Jan",2018-01-30 17:45:00,"Frugivory","Ficus enormis","64.0","Taquara",NA,NA,NA
"007",371517.825793517,7499450.61839193,"Jan",2018-01-31 07:45:00,"Frugivory","Campomanesia xanthocarpa","65.0","Taquara",NA,NA,NA
"007",372126.109774312,7499369.56482027,"Jan",2018-01-31 10:45:00,"Frugivory","Campomanesia xanthocarpa","66.0","Taquara",NA,NA,NA
"007",372241.108429772,7499898.61215236,"Jan",2018-01-31 12:50:00,"Frugivory","Eugenia brasiliensis","67.0","Taquara",NA,NA,NA
"007",372095.555164383,7499959.00471812,"Jan",2018-01-31 15:55:00,"Frugivory","Ficus enormis","68.0","Taquara",NA,NA,NA
"007",371251.754391174,7500122.7912911,"Jan",2018-01-31 19:25:00,"Sleeping site","Unknown","SS05","Taquara",NA,NA,NA
"010",371139.009084429,7499946.53588452,"Jan",2018-02-03 06:40:00,"Sleeping site","Unknown","SS06","Taquara",NA,NA,NA
"010",371119.309255101,7499877.92144475,"Jan",2018-02-03 07:10:00,"Frugivory","Psidium longipetiolatum","89.0","Taquara",NA,NA,NA
"010",371138.977568875,7499888.55997696,"Jan",2018-02-03 07:25:00,"Frugivory","Psidium myrtoides","90.0","Taquara",NA,NA,NA
"010",371011.393868299,7499624.64041395,"Jan",2018-02-03 09:00:00,"Frugivory","Psidium myrtoides","91.0","Taquara",NA,NA,NA
"010",371121.705712753,7499417.74025507,"Jan",2018-02-03 09:50:00,"Frugivory","Psidium longipetiolatum","92.0","Taquara",NA,NA,NA
"010",371144.465811339,7499439.84673074,"Jan",2018-02-03 10:05:00,"Frugivory","Rhipsalis teres","93.0","Taquara",NA,NA,NA
"010",371149.7578014,7499480.19586623,"Jan",2018-02-03 10:15:00,"Frugivory","Rhipsalis teres","f05_f","Taquara",NA,NA,NA
"010",371562.215258057,7499369.55447347,"Jan",2018-02-03 11:30:00,"Frugivory","Syagrus romanzoffiana","94.0","Taquara",NA,NA,NA
"010",371601.096331044,7499363.77753752,"Jan",2018-02-03 11:40:00,"Frugivory","Rhipsalis teres","95.0","Taquara",NA,NA,NA
"010",371797.332576082,7499384.19844675,"Jan",2018-02-03 12:35:00,"Frugivory","Psidium longipetiolatum","96.0","Taquara",NA,NA,NA
"010",372018.06488697,7499395.57302748,"Jan",2018-02-03 13:20:00,"Frugivory","Psidium longipetiolatum","97.0","Taquara",NA,NA,NA
"010",372052.507761267,7499405.07383776,"Jan",2018-02-03 13:35:00,"Frugivory","Rhipsalis cereuscula","98.0","Taquara",NA,NA,NA
"010",372301.159634802,7499851.52299266,"Jan",2018-02-03 17:00:00,"Frugivory","Ficus enormis","99.0","Taquara",NA,NA,NA
"010",372284.570509604,7499819.93568972,"Jan",2018-02-03 17:15:00,"Frugivory","Ficus enormis","100.0","Taquara",NA,NA,NA
"010",372002.257149693,7499846.12768788,"Jan",2018-02-03 18:45:00,"Sleeping site","Unknown","SS07","Taquara",NA,NA,NA
"020",371463.052512143,7500465.95478462,"Jul",2018-07-04 08:50:00,"Sleeping site","Unknown","SS11","Taquara",NA,NA,NA
"020",371439.516804299,7500468.53311692,"Jul",2018-07-04 08:55:00,"Frugivory","Cordia ecalyculata","165.0","Taquara",NA,NA,NA
"020",371412.289993363,7500443.33716752,"Jul",2018-07-04 09:10:00,"Frugivory","Psidium cinereum","166.0","Taquara",NA,NA,NA
"020",371361.148457655,7499869.31043661,"Jul",2018-07-04 11:50:00,"Frugivory","Cordia ecalyculata","167.0","Taquara",NA,NA,NA
"020",371422.498066548,7499848.2792019,"Jul",2018-07-04 12:30:00,"Frugivory","Psidium cinereum","168.0","Taquara",NA,NA,NA
"020",371467.10760503,7499841.15110452,"Jul",2018-07-04 12:45:00,"Frugivory","Psidium cinereum","169.0","Taquara",NA,NA,NA
"020",371984.035458939,7499635.13701329,"Jul",2018-07-04 14:40:00,"Frugivory","Cordia ecalyculata","170.0","Taquara",NA,NA,NA
"020",372025.98779199,7499672.65753249,"Jul",2018-07-04 14:50:00,"Frugivory","Syagrus romanzoffiana","171.0","Taquara",NA,NA,NA
"020",371891.5608635,7500586.36644958,"Jul",2018-07-04 17:40:00,"Frugivory","Cordia ecalyculata","172.0","Taquara",NA,NA,NA
"020",371618.180075411,7500356.53462714,"Jul",2018-07-04 18:50:00,"Sleeping site","Unknown","SS09","Taquara",NA,NA,NA
"021",371780.776682559,7500394.4958069,"Jul",2018-07-05 07:05:00,"Frugivory","Cordia ecalyculata","173.0","Taquara",NA,NA,NA
"021",372045.792412455,7500299.09327465,"Jul",2018-07-05 08:25:00,"Frugivory","Psidium cinereum","174.0","Taquara",NA,NA,NA
"021",372348.432446033,7499891.74528532,"Jul",2018-07-05 09:40:00,"Frugivory","Cordia ecalyculata","175.0","Taquara",NA,NA,NA
"021",372327.215532296,7499875.75983346,"Jul",2018-07-05 09:50:00,"Frugivory","Acanthostachys strobilacea","176.0","Taquara",NA,NA,NA
"021",371949.773870183,7499548.55173837,"Jul",2018-07-05 12:05:00,"Frugivory","Epiphyllum phyllanthus","177.0","Taquara",NA,NA,NA
"021",371958.410937469,7499538.12984511,"Jul",2018-07-05 12:20:00,"Frugivory","Tapirira guianensis","178.0","Taquara",NA,NA,NA
"021",371060.016762369,7499422.56114295,"Jul",2018-07-05 15:10:00,"Frugivory","Cordia ecalyculata","179.0","Taquara",NA,NA,NA
"021",370796.897534844,7499701.45682945,"Jul",2018-07-05 17:20:00,"Frugivory","Cordia ecalyculata","180.0","Taquara",NA,NA,NA
"021",370835.980482324,7499729.06806567,"Jul",2018-07-05 17:35:00,"Frugivory","Syagrus romanzoffiana","181.0","Taquara",NA,NA,NA
"021",371139.009084429,7499946.53588452,"Jul",2018-07-05 18:30:00,"Sleeping site","Unknown","SS06","Taquara",NA,NA,NA
"016",371788.535217618,7500133.44408993,"May",2018-05-02 06:50:00,"Sleeping site","Unknown","SS03","Taquara",NA,NA,NA
"016",371609.521619733,7500225.63130981,"May",2018-05-02 08:50:00,"Frugivory","Miconia latecrenata","f10_f","Taquara",NA,NA,NA
"016",371587.505689023,7500191.05256583,"May",2018-05-02 08:55:00,"Frugivory","Miconia latecrenata","140.0","Taquara",NA,NA,NA
"016",371580.249853559,7500167.8500378,"May",2018-05-02 09:00:00,"Frugivory","Miconia latecrenata","141.0","Taquara",NA,NA,NA
"016",371447.992784025,7499966.43949508,"May",2018-05-02 09:55:00,"Frugivory","Myrciaria cuspidata","142.0","Taquara",NA,NA,NA
"016",371481.18193237,7499901.9861979,"May",2018-05-02 11:10:00,"Frugivory","Aechmea bromeliifolia","143.0","Taquara",NA,NA,NA
"016",371522.230027315,7499793.65813811,"May",2018-05-02 12:35:00,"Frugivory","Myrciaria cuspidata","144.0","Taquara",NA,NA,NA
"016",371554.897011624,7499769.8248541,"May",2018-05-02 13:10:00,"Frugivory","Myrciaria cuspidata","f49_f","Taquara",NA,NA,NA
"016",372118.81698747,7499439.39956763,"May",2018-05-02 16:20:00,"Frugivory","Miconia latecrenata","145.0","Taquara",NA,NA,NA
"016",372083.715104444,7499657.50816957,"May",2018-05-02 18:10:00,"Frugivory","Inga marginata","146.0","Taquara",NA,NA,NA
"016",372080.89472462,7499662.2500273,"May",2018-05-02 18:15:00,"Sleeping site","Unknown","SS10","Taquara",NA,NA,NA
"024",371320.689683032,7499735.84775194,"Sep",2018-09-18 08:10:00,"Sleeping site","Unknown","SS12","Taquara",NA,NA,NA
"024",371292.868398973,7499780.00310121,"Sep",2018-09-18 08:30:00,"Frugivory","Psidium cinereum","191.0","Taquara",NA,NA,NA
"024",371309.738746505,7499810.79234118,"Sep",2018-09-18 08:45:00,"Frugivory","Syagrus romanzoffiana","192.0","Taquara",NA,NA,NA
"024",371347.207373125,7499816.90770676,"Sep",2018-09-18 08:55:00,"Frugivory","Psidium cinereum","f13_f","Taquara",NA,NA,NA
"024",372062.622021571,7500152.78723186,"Sep",2018-09-18 12:35:00,"Frugivory","Cordia ecalyculata","193.0","Taquara",NA,NA,NA
"024",372080.139231219,7500140.56269806,"Sep",2018-09-18 12:50:00,"Frugivory","Syagrus romanzoffiana","194.0","Taquara",NA,NA,NA
"024",372102.591169477,7500114.15951655,"Sep",2018-09-18 14:10:00,"Frugivory","Syagrus romanzoffiana","195.0","Taquara",NA,NA,NA
"024",372092.987742523,7500093.278304,"Sep",2018-09-18 14:25:00,"Frugivory","Syagrus romanzoffiana","196.0","Taquara",NA,NA,NA
"024",371994.093919422,7499666.70998345,"Sep",2018-09-18 15:45:00,"Frugivory","Syagrus romanzoffiana","197.0","Taquara",NA,NA,NA
"024",372080.767868734,7499659.46766954,"Sep",2018-09-18 16:25:00,"Sleeping site","Unknown","SS10","Taquara",NA,NA,NA
"002",371362.521051776,7499514.75751989,"Dec_2017",2017-12-03 07:10:00,"Sleeping site","Unknown","SS01","Taquara",NA,NA,NA
"002",371895.193097801,7500355.77718525,"Dec_2017",2017-12-03 20:30:00,"Sleeping site","Unknown","SS02","Taquara",NA,NA,NA
"003",371788.535217618,7500133.44408993,"Jan",2018-01-27 19:00:00,"Sleeping site","Unknown","SS03","Taquara",NA,NA,NA
"004",372402.671041875,7500113.96656756,"Jan",2018-01-28 18:35:00,"Sleeping site","Unknown","SS04","Taquara",NA,NA,NA
"007",371251.754391174,7500122.7912911,"Jan",2018-01-31 19:25:00,"Sleeping site","Unknown","SS05","Taquara",NA,NA,NA
"010",371139.009084429,7499946.53588452,"Jan",2018-02-03 06:40:00,"Sleeping site","Unknown","SS06","Taquara",NA,NA,NA
"010",372002.257149693,7499846.12768788,"Jan",2018-02-03 18:45:00,"Sleeping site","Unknown","SS07","Taquara",NA,NA,NA
"016",372080.89472462,7499662.2500273,"May",2018-05-02 18:15:00,"Sleeping site","Unknown","SS10","Taquara",NA,NA,NA
"020",371463.052512143,7500465.95478462,"Jul",2018-07-04 08:50:00,"Sleeping site","Unknown","SS11","Taquara",NA,NA,NA
"020",371618.180075411,7500356.53462714,"Jul",2018-07-04 18:50:00,"Sleeping site","Unknown","SS09","Taquara",NA,NA,NA
"024",371320.689683032,7499735.84775194,"Sep",2018-09-18 08:10:00,"Sleeping site","Unknown","SS12","Taquara",NA,NA,NA
"024",372080.767868734,7499659.46766954,"Sep",2018-09-18 16:25:00,"Sleeping site","Unknown","SS10","Taquara",NA,NA,NA
